cod_ibge,ano_referencia,populacao_estimada,pib_per_capita
1100015,2017,25437,19081.42
1100023,2017,107345,21313.61
1100031,2017,6224,22189.91
1100049,2017,88507,23532.16
1100056,2017,17934,24492.31
1100064,2017,18467,17781.83
1100072,2017,8659,38434.46
1100080,2017,17400,12234.43
1100098,2017,33030,17146.87
1100106,2017,47451,16336.75
1100114,2017,55871,24247.52
1100122,2017,132667,23081.57
1100130,2017,38609,15223.34
1100148,2017,21747,15883.80
1100155,2017,39759,19168.29
1100189,2017,38051,27612.47
1100205,2017,519436,32678.96
1100254,2017,22124,18538.06
1100262,2017,3829,27493.34
1100288,2017,57074,22856.34
1100296,2017,8198,18674.80
1100304,2017,95630,26390.38
1100320,2017,24181,26181.67
1100338,2017,28891,16030.74
1100346,2017,16747,15062.52
1100379,2017,14045,23353.58
1100403,2017,20916,14699.70
1100452,2017,39044,16647.50
1100502,2017,10051,16660.33
1100601,2017,6460,21660.06
1100700,2017,14484,18400.99
1100809,2017,25266,19447.08
1100908,2017,3550,31243.94
1100924,2017,10593,26420.94
1100940,2017,22443,14469.32
1101005,2017,9745,18319.55
1101104,2017,10310,15353.35
1101203,2017,10751,20073.48
1101302,2017,12258,16730.46
1101401,2017,16186,16545.41
1101435,2017,7769,15593.64
1101450,2017,5904,16861.28
1101468,2017,2410,41231.12
1101476,2017,3411,18440.34
1101484,2017,5994,14560.06
1101492,2017,19694,17043.16
1101500,2017,12653,18392.79
1101559,2017,4931,16898.20
1101609,2017,11350,16302.56
1101708,2017,13106,15266.44
1101757,2017,11149,12853.44
1101807,2017,8047,17687.34
1200013,2017,14366,15985.24
1200054,2017,6986,13132.41
1200104,2017,24765,15668.00
1200138,2017,9664,16380.48
1200179,2017,11136,15354.71
1200203,2017,82622,15587.46
1200252,2017,17340,25141.41
1200302,2017,32360,10843.02
1200328,2017,7858,10006.11
1200336,2017,17910,10855.44
1200344,2017,8886,15237.56
1200351,2017,17897,10914.90
1200385,2017,18510,13032.47
1200393,2017,11353,9927.86
1200401,2017,383443,21263.01
1200427,2017,17945,10309.72
1200435,2017,6230,11439.97
1200450,2017,21552,16693.67
1200500,2017,43139,11602.31
1200609,2017,40024,11764.29
1200708,2017,18174,12727.08
1200807,2017,17459,13169.48
1300029,2017,15908,10000.19
1300060,2017,11242,7187.78
1300086,2017,12978,8334.34
1300102,2017,20196,9555.56
1300144,2017,21406,9039.15
1300201,2017,19054,7410.78
1300300,2017,38454,8534.69
1300409,2017,27743,5791.44
1300508,2017,31542,7600.06
1300607,2017,41329,6776.98
1300631,2017,18978,7455.90
1300680,2017,18483,6802.95
1300706,2017,34176,10691.22
1300805,2017,40464,7324.31
1300839,2017,12820,11103.43
1300904,2017,15490,6654.74
1301001,2017,28337,10092.92
1301100,2017,37399,7295.76
1301159,2017,29190,10735.05
1301209,2017,84762,15607.67
1301308,2017,27817,16690.26
1301407,2017,34888,12439.98
1301506,2017,19492,7632.16
1301605,2017,19669,8520.67
1301654,2017,16339,7099.27
1301704,2017,53383,10416.78
1301803,2017,28299,4944.20
1301852,2017,47407,14703.82
1301902,2017,99854,19823.87
1301951,2017,8128,11548.84
1302009,2017,9125,11804.16
1302108,2017,4205,14743.64
1302207,2017,13956,7156.56
1302306,2017,15824,13812.50
1302405,2017,44861,11050.73
1302504,2017,96460,15823.73
1302553,2017,30222,7817.09
1302603,2017,2130264,34373.88
1302702,2017,54708,9064.14
1302801,2017,18531,8304.19
1302900,2017,62212,7379.01
1303007,2017,20902,6806.38
1303106,2017,36431,6432.74
1303205,2017,18586,7088.40
1303304,2017,25112,7300.65
1303403,2017,113832,9594.45
1303502,2017,19597,7696.99
1303536,2017,34574,12887.00
1303569,2017,32001,12004.37
1303601,2017,23765,5164.15
1303700,2017,23075,7490.05
1303809,2017,44553,7063.09
1303908,2017,38047,6189.13
1303957,2017,13421,7547.65
1304005,2017,9211,10463.14
1304062,2017,63635,7279.77
1304104,2017,17930,18900.39
1304203,2017,62021,12037.91
1304237,2017,18782,6593.92
1304260,2017,13428,13894.40
1304302,2017,16968,17581.98
1304401,2017,22148,6461.13
1400027,2017,11560,14110.12
1400050,2017,15933,17329.76
1400100,2017,332020,26949.62
1400159,2017,11945,22339.39
1400175,2017,16877,14674.29
1400209,2017,20807,16713.56
1400233,2017,9493,17170.13
1400282,2017,10859,13896.86
1400308,2017,16852,17797.29
1400407,2017,10527,14102.31
1400456,2017,12375,13881.05
1400472,2017,28215,18805.25
1400506,2017,7740,20042.25
1400605,2017,7597,15681.19
1400704,2017,9836,11844.45
1500107,2017,153380,8719.21
1500131,2017,7231,11151.02
1500206,2017,54096,17231.87
1500305,2017,38144,9392.59
1500347,2017,26682,16616.63
1500404,2017,55246,11028.04
1500503,2017,33195,20066.97
1500602,2017,111435,22444.12
1500701,2017,28466,7192.83
1500800,2017,516057,13526.50
1500859,2017,27096,12961.73
1500909,2017,44734,7439.08
1500958,2017,30471,9103.54
1501006,2017,15947,9074.81
1501105,2017,29808,5912.84
1501204,2017,46110,7733.57
1501253,2017,3200,23895.31
1501303,2017,121190,39761.28
1501402,2017,1452275,20825.79
1501451,2017,17249,9163.72
1501501,2017,60990,22856.58
1501576,2017,16517,9967.73
1501600,2017,15834,8607.43
1501709,2017,124184,8986.85
1501725,2017,14689,16343.05
1501758,2017,7182,11218.74
1501782,2017,64194,9041.48
1501808,2017,99896,7441.08
1501907,2017,28331,17606.12
1501956,2017,32947,5709.47
1502004,2017,23110,7463.61
1502103,2017,134100,8825.96
1502152,2017,36027,113504.45
1502202,2017,67150,14407.94
1502301,2017,52839,8592.31
1502400,2017,195253,19248.13
1502509,2017,23066,7865.00
1502608,2017,11759,6722.00
1502707,2017,46571,12012.20
1502756,2017,32395,9025.50
1502764,2017,13093,21037.04
1502772,2017,17453,49281.96
1502806,2017,33490,18840.79
1502855,2017,13996,8641.25
1502905,2017,38959,7090.56
1502939,2017,58071,11707.13
1502954,2017,32892,10926.73
1503002,2017,7009,8060.92
1503044,2017,19746,12643.12
1503077,2017,25363,9553.56
1503093,2017,39352,9492.66
1503101,2017,32458,7104.44
1503200,2017,37753,8066.01
1503309,2017,60994,6176.89
1503408,2017,11388,10070.43
1503457,2017,62237,8693.06
1503507,2017,31673,6855.18
1503606,2017,98523,17975.11
1503705,2017,51835,10812.06
1503754,2017,8059,40661.50
1503804,2017,57526,8504.28
1503903,2017,56325,18575.53
1504000,2017,28138,16120.34
1504059,2017,29260,10014.08
1504109,2017,8316,9056.76
1504208,2017,271594,31662.53
1504307,2017,28679,7639.95
1504406,2017,27569,8030.83
1504422,2017,127858,13985.21
1504455,2017,30726,18902.33
1504505,2017,26897,6312.82
1504604,2017,30277,10124.38
1504703,2017,79825,11181.13
1504752,2017,15646,9920.04
1504802,2017,56466,12223.52
1504901,2017,39231,6625.76
1504950,2017,20789,10371.30
1504976,2017,16221,8445.53
1505007,2017,14942,8224.53
1505031,2017,25071,24269.39
1505064,2017,73802,11381.07
1505106,2017,50727,12312.12
1505205,2017,31619,13655.24
1505304,2017,71078,23934.13
1505403,2017,17356,10825.25
1505437,2017,31921,16933.93
1505486,2017,46383,12517.00
1505494,2017,7386,8940.16
1505502,2017,110026,26815.86
1505536,2017,202356,91123.18
1505551,2017,5341,13927.54
1505601,2017,7860,6732.19
1505635,2017,12632,15895.19
1505650,2017,30109,8497.86
1505700,2017,30219,7034.35
1505809,2017,60322,10742.60
1505908,2017,39991,7400.29
1506005,2017,29067,10407.71
1506104,2017,10534,14170.21
1506112,2017,13237,6847.47
1506138,2017,82464,20624.04
1506161,2017,17705,26932.84
1506187,2017,50925,10220.60
1506195,2017,49093,7315.95
1506203,2017,39569,10741.62
1506302,2017,23096,7179.34
1506351,2017,20492,8089.84
1506401,2017,9845,6925.04
1506500,2017,68836,10441.41
1506559,2017,19316,8496.79
1506583,2017,20849,18022.69
1506609,2017,24186,12840.82
1506708,2017,70764,11356.33
1506807,2017,296302,16321.17
1506906,2017,6526,6286.55
1507003,2017,30611,11240.08
1507102,2017,17563,7471.79
1507151,2017,24859,10959.81
1507201,2017,31123,9935.71
1507300,2017,124806,11160.34
1507409,2017,15454,13209.91
1507458,2017,24188,18260.17
1507466,2017,5970,7069.85
1507474,2017,22415,7092.44
1507508,2017,13616,8592.24
1507607,2017,57364,11646.00
1507706,2017,25904,7986.91
1507755,2017,5766,18732.57
1507805,2017,11357,11179.71
1507904,2017,24682,7090.84
1507953,2017,103321,8195.75
1507961,2017,11399,6300.46
1507979,2017,18257,28888.97
1508001,2017,61709,10361.73
1508035,2017,30108,8248.01
1508050,2017,18469,17837.89
1508084,2017,38508,19669.94
1508100,2017,110516,58469.71
1508126,2017,57525,21646.90
1508159,2017,44258,11567.83
1508209,2017,52216,7149.25
1508308,2017,59735,10269.46
1508357,2017,14719,209860.52
1508407,2017,43530,27983.32
1600055,2017,5111,13858.54
1600105,2017,8757,19063.72
1600154,2017,15125,18582.74
1600204,2017,10525,13960.29
1600212,2017,5637,12913.96
1600238,2017,7270,68789.96
1600253,2017,5172,12713.07
1600279,2017,47554,17889.41
1600303,2017,474706,21057.29
1600402,2017,20387,12003.97
1600501,2017,25514,15463.31
1600535,2017,20611,16108.34
1600550,2017,4779,13170.54
1600600,2017,115471,16541.69
1600709,2017,16112,12537.86
1600808,2017,14991,12304.25
1700251,2017,2571,21967.72
1700301,2017,6460,19665.33
1700350,2017,5527,21010.67
1700400,2017,7273,20813.42
1700707,2017,8516,38947.51
1701002,2017,9749,12810.95
1701051,2017,3423,10365.18
1701101,2017,4726,19350.83
1701309,2017,5865,10783.12
1701903,2017,7003,19011.57
1702000,2017,8692,21455.13
1702109,2017,175960,23531.08
1702158,2017,5645,11460.76
1702208,2017,35216,11096.63
1702307,2017,6756,14720.84
1702406,2017,10727,14885.99
1702554,2017,18089,13046.49
1702703,2017,3735,10969.75
1702901,2017,9776,10622.14
1703008,2017,10752,9563.71
1703057,2017,3500,19622.00
1703073,2017,4544,10190.58
1703107,2017,5643,14889.24
1703206,2017,4518,17183.71
1703305,2017,4700,13450.43
1703602,2017,2199,17503.87
1703701,2017,5499,28086.74
1703800,2017,11135,8510.28
1703826,2017,2276,11381.37
1703842,2017,9795,29666.67
1703867,2017,4296,80332.40
1703883,2017,2555,14000.39
1703891,2017,4055,9226.88
1703909,2017,5265,25200.57
1704105,2017,2866,11517.45
1704600,2017,1407,18492.54
1705102,2017,3364,19706.90
1705508,2017,34839,19754.07
1705557,2017,4874,13554.58
1705607,2017,4179,11898.54
1706001,2017,5529,17331.16
1706100,2017,7374,14393.68
1706258,2017,1708,24054.45
1706506,2017,5988,22669.67
1707009,2017,21738,14075.40
1707108,2017,6868,17509.90
1707207,2017,7286,14052.15
1707306,2017,4727,25421.83
1707405,2017,10793,7935.42
1707553,2017,3879,15297.50
1707652,2017,5352,29382.66
1707702,2017,8893,11038.01
1708205,2017,18684,21202.79
1708254,2017,2584,58440.79
1708304,2017,5153,15377.84
1709005,2017,12973,11563.56
1709302,2017,25642,23522.39
1709500,2017,85523,26149.87
1709807,2017,1955,18757.03
1710508,2017,7456,13191.79
1710706,2017,5980,9940.80
1710904,2017,3772,18580.86
1711100,2017,2465,17545.64
1711506,2017,3821,15287.62
1711803,2017,2229,15986.99
1711902,2017,12808,41188.09
1711951,2017,4191,9214.27
1712009,2017,3092,20766.17
1712157,2017,1875,12735.47
1712405,2017,3787,9031.42
1712454,2017,3038,11261.36
1712504,2017,5054,23812.62
1712702,2017,2614,48304.13
1712801,2017,3409,9745.97
1713205,2017,19055,27634.16
1713304,2017,13426,16962.91
1713601,2017,7770,20525.61
1713700,2017,2264,16154.15
1713809,2017,6535,9880.49
1713957,2017,3507,12289.71
1714203,2017,9312,12555.52
1714302,2017,4060,11086.95
1714880,2017,11715,24134.36
1715002,2017,4203,11749.70
1715101,2017,4267,10893.60
1715150,2017,2353,11497.66
1715259,2017,2697,10727.85
1715507,2017,1110,17707.21
1715705,2017,5859,13992.83
1715754,2017,7687,14852.09
1716109,2017,50360,24572.18
1716208,2017,10562,20284.23
1716307,2017,4853,15487.53
1716505,2017,13288,50600.47
1716604,2017,11591,46642.39
1716653,2017,5453,13843.02
1716703,2017,8409,17275.18
1717008,2017,4520,10831.42
1717206,2017,3044,14931.34
1717503,2017,7536,18652.60
1717800,2017,4645,9742.73
1717909,2017,7949,10007.17
1718006,2017,3102,9357.51
1718204,2017,52828,35050.33
1718303,2017,8365,8220.20
1718402,2017,3733,13773.37
1718451,2017,2650,19113.58
1718501,2017,4230,9729.79
1718550,2017,4601,9822.21
1718659,2017,2061,9235.32
1718709,2017,2810,15789.68
1718758,2017,6512,9465.45
1718808,2017,4579,8152.00
1718840,2017,3410,20475.37
1718865,2017,7402,15517.16
1718881,2017,3356,11983.31
1718899,2017,2343,36475.03
1718907,2017,4833,30388.79
1719004,2017,2825,11426.55
1720002,2017,2550,12052.16
1720101,2017,5231,9498.57
1720150,2017,1571,11764.48
1720200,2017,11906,8606.16
1720259,2017,3084,11000.65
1720309,2017,4749,9320.70
1720499,2017,4111,33346.39
1720655,2017,5399,27468.98
1720804,2017,9192,9747.17
1720853,2017,1941,30325.61
1720903,2017,16530,13940.35
1720937,2017,2130,10327.23
1720978,2017,2777,30030.97
1721000,2017,286787,29650.90
1721109,2017,7460,9092.63
1721208,2017,23119,12982.01
1721257,2017,1843,25036.35
1721307,2017,2574,11104.12
1722081,2017,11677,13864.61
1722107,2017,11683,29229.91
2100055,2017,111339,19784.06
2100105,2017,6486,6915.05
2100154,2017,12457,5874.13
2100204,2017,21673,5366.72
2100303,2017,26387,6598.32
2100402,2017,8070,6981.16
2100436,2017,26872,8184.91
2100477,2017,31312,5806.59
2100501,2017,11001,26144.53
2100550,2017,6895,7111.68
2100600,2017,41106,6656.47
2100709,2017,27352,6469.36
2100808,2017,15696,8657.87
2100832,2017,18374,5663.66
2100873,2017,15332,5074.03
2100907,2017,46074,5841.43
2100956,2017,32145,6594.15
2101004,2017,29388,7812.13
2101103,2017,11975,5742.88
2101202,2017,103359,10966.95
2101251,2017,17053,19901.19
2101301,2017,17435,5537.60
2101350,2017,5574,6297.27
2101400,2017,94779,32137.37
2101509,2017,18619,11281.27
2101608,2017,87135,7451.07
2101707,2017,62458,7330.30
2101731,2017,7422,6411.75
2101772,2017,11103,7174.01
2101806,2017,5528,7186.69
2101905,2017,20881,5700.21
2101939,2017,5973,8231.21
2101970,2017,9320,6594.10
2102002,2017,41120,7359.63
2102036,2017,34278,7642.19
2102077,2017,16214,5297.09
2102101,2017,36102,7590.27
2102150,2017,8696,5984.25
2102200,2017,28306,6625.56
2102309,2017,23495,6545.69
2102325,2017,71979,6893.14
2102358,2017,15180,5890.51
2102374,2017,8930,6381.86
2102408,2017,11019,4834.29
2102507,2017,19110,5177.92
2102556,2017,14219,12212.32
2102606,2017,19943,6113.87
2102705,2017,21759,5518.04
2102754,2017,10713,12235.23
2102804,2017,23803,12945.05
2102903,2017,23576,6587.46
2103000,2017,162657,10506.45
2103109,2017,10490,6072.83
2103125,2017,8615,5074.17
2103158,2017,13555,5243.75
2103174,2017,21565,6532.34
2103208,2017,78965,8303.02
2103257,2017,14539,8817.04
2103307,2017,120810,7897.22
2103406,2017,48756,6928.81
2103505,2017,40575,7925.62
2103554,2017,16192,6003.09
2103604,2017,64403,6175.77
2103703,2017,30706,7029.80
2103752,2017,12659,49281.93
2103802,2017,22912,9757.38
2103901,2017,11208,6124.38
2104008,2017,16653,7452.59
2104057,2017,42110,18854.43
2104073,2017,8372,7777.71
2104081,2017,10326,5311.45
2104099,2017,18997,6939.67
2104107,2017,12403,11435.78
2104206,2017,15262,6729.07
2104305,2017,11830,6404.56
2104404,2017,17586,6513.25
2104503,2017,10700,6284.21
2104552,2017,18316,14326.05
2104602,2017,16582,5732.84
2104628,2017,7708,6604.83
2104651,2017,9921,6139.70
2104677,2017,24991,7265.06
2104701,2017,6134,6872.19
2104800,2017,69232,9674.27
2104909,2017,11728,6979.88
2105005,2017,28509,5077.31
2105104,2017,26835,4984.72
2105153,2017,14147,11268.96
2105203,2017,11206,7302.78
2105302,2017,254569,25963.18
2105351,2017,16009,4907.80
2105401,2017,67726,8771.83
2105427,2017,25589,11078.71
2105450,2017,10221,5862.93
2105476,2017,16321,5465.54
2105500,2017,23042,8252.10
2105609,2017,15891,6133.60
2105658,2017,3237,13076.92
2105708,2017,49856,7350.49
2105807,2017,10672,6157.23
2105906,2017,16025,6192.26
2105922,2017,11048,6828.93
2105948,2017,8664,8315.56
2105963,2017,11286,6394.83
2105989,2017,7489,9408.07
2106003,2017,11695,12870.29
2106102,2017,12009,15982.68
2106201,2017,6867,6998.54
2106300,2017,19779,5837.91
2106326,2017,21293,7519.42
2106359,2017,7604,6639.93
2106375,2017,16366,5746.91
2106409,2017,16745,7313.35
2106508,2017,23091,6718.42
2106607,2017,33374,5227.84
2106631,2017,16908,4689.91
2106672,2017,8326,6038.67
2106706,2017,20613,8720.86
2106755,2017,28456,17140.57
2106805,2017,14744,6165.29
2106904,2017,33156,6005.85
2107001,2017,8889,6952.08
2107100,2017,19282,6070.17
2107209,2017,14489,4474.22
2107258,2017,5350,10437.57
2107308,2017,4586,8029.00
2107357,2017,20768,6375.96
2107407,2017,19206,7130.22
2107456,2017,14637,5780.90
2107506,2017,122420,7060.24
2107605,2017,19424,6414.64
2107704,2017,21116,6544.18
2107803,2017,34375,5805.50
2107902,2017,18839,6792.77
2108009,2017,19271,9873.70
2108058,2017,15937,6651.50
2108108,2017,20657,7052.57
2108207,2017,38365,14661.59
2108256,2017,25000,5246.76
2108306,2017,38144,4917.79
2108405,2017,14074,5462.91
2108454,2017,23019,7936.36
2108504,2017,32488,8697.55
2108603,2017,82374,10054.96
2108702,2017,20861,7063.80
2108801,2017,18413,5996.09
2108900,2017,17023,7962.23
2109007,2017,23760,19813.34
2109056,2017,5819,7200.38
2109106,2017,47239,11663.18
2109205,2017,12656,7289.03
2109239,2017,6968,6847.73
2109270,2017,18797,7237.27
2109304,2017,11474,5079.05
2109403,2017,15207,4975.60
2109452,2017,30863,6901.69
2109502,2017,19701,15729.40
2109551,2017,7691,10067.61
2109601,2017,42314,7341.33
2109700,2017,5568,38892.24
2109759,2017,7708,6119.49
2109809,2017,41891,6661.10
2109908,2017,88013,13968.64
2110005,2017,71576,7636.48
2110039,2017,24946,8083.66
2110104,2017,25334,6430.09
2110203,2017,37090,7238.02
2110237,2017,13395,4337.66
2110278,2017,15853,5113.10
2110302,2017,14222,113472.09
2110401,2017,18377,6052.46
2110500,2017,46039,5584.85
2110609,2017,28208,8792.93
2110658,2017,7291,23781.37
2110708,2017,33691,7986.76
2110807,2017,4453,10762.63
2110856,2017,11808,8097.31
2110906,2017,11976,6011.69
2111003,2017,20307,6078.84
2111029,2017,15450,5530.87
2111052,2017,10977,10648.81
2111078,2017,18345,5162.61
2111102,2017,25520,10314.34
2111201,2017,176418,11366.49
2111250,2017,7484,6979.56
2111300,2017,1091868,27335.53
2111409,2017,18247,6953.14
2111508,2017,40992,9029.81
2111532,2017,12511,7603.47
2111573,2017,4601,11254.08
2111607,2017,18680,20653.05
2111631,2017,4946,7171.86
2111672,2017,6704,6435.71
2111706,2017,20913,6316.88
2111722,2017,13949,4756.04
2111748,2017,11042,6719.71
2111763,2017,13877,10826.33
2111789,2017,11040,6092.66
2111805,2017,17851,7995.85
2111904,2017,10416,7134.98
2111953,2017,5571,7595.05
2112001,2017,8455,116414.90
2112100,2017,28635,5249.00
2112209,2017,167619,10715.71
2112233,2017,21749,8844.73
2112274,2017,5746,8143.75
2112308,2017,41342,6687.70
2112407,2017,35063,8165.64
2112456,2017,25533,6135.43
2112506,2017,58605,6730.09
2112605,2017,33038,5500.36
2112704,2017,56511,5446.43
2112803,2017,51738,7885.91
2112852,2017,13480,8027.82
2112902,2017,32267,7919.39
2113009,2017,30879,7271.61
2114007,2017,51084,7560.21
2200053,2017,6966,6370.66
2200103,2017,5062,6756.03
2200202,2017,17119,10705.30
2200251,2017,7526,6594.61
2200277,2017,4838,6977.06
2200301,2017,14070,6334.75
2200400,2017,39864,9355.46
2200459,2017,5326,13884.90
2200509,2017,17322,7766.31
2200608,2017,6684,8267.65
2200707,2017,9705,6878.52
2200806,2017,3114,22678.55
2200905,2017,5748,7876.30
2200954,2017,2511,7152.93
2201002,2017,4656,7362.97
2201051,2017,7717,6140.73
2201101,2017,11503,6760.15
2201150,2017,11375,65455.21
2201176,2017,3889,8323.73
2201200,2017,46291,7975.91
2201309,2017,3294,7353.98
2201408,2017,6925,8960.29
2201507,2017,26421,6717.19
2201556,2017,3947,8392.20
2201572,2017,3503,7629.75
2201606,2017,10037,6894.69
2201705,2017,5413,9850.54
2201739,2017,6106,7125.29
2201770,2017,6663,6860.57
2201804,2017,4428,10931.12
2201903,2017,24711,35360.28
2201919,2017,5535,8872.45
2201929,2017,5577,6575.40
2201945,2017,6300,6380.63
2201960,2017,8192,6547.73
2201988,2017,3823,8314.94
2202000,2017,19464,8075.06
2202026,2017,8108,6329.30
2202059,2017,10406,5677.78
2202075,2017,3497,7267.37
2202083,2017,7510,10858.99
2202091,2017,5684,8006.33
2202109,2017,5522,7675.12
2202117,2017,4957,6844.46
2202133,2017,5842,8522.25
2202174,2017,7154,5830.58
2202208,2017,46082,11813.79
2202251,2017,3892,8056.27
2202307,2017,20831,9961.98
2202406,2017,11229,7354.26
2202455,2017,4033,7476.57
2202505,2017,10729,6448.41
2202539,2017,5769,7788.70
2202554,2017,4982,6595.54
2202604,2017,19410,8211.28
2202653,2017,5330,8197.37
2202703,2017,27338,7733.59
2202711,2017,4812,7795.10
2202729,2017,6054,7342.58
2202737,2017,3953,7528.46
2202752,2017,6372,8209.20
2202778,2017,7536,6838.64
2202802,2017,4726,9001.48
2202851,2017,4608,6990.67
2202901,2017,26205,14541.65
2203008,2017,8154,6590.63
2203107,2017,10253,9660.10
2203206,2017,11190,7938.78
2203230,2017,4871,32119.48
2203255,2017,4367,5986.49
2203271,2017,5251,57576.27
2203305,2017,13595,9803.82
2203354,2017,6896,6414.01
2203404,2017,6790,9857.00
2203420,2017,4287,7443.43
2203453,2017,9404,6031.26
2203503,2017,14383,8603.63
2203602,2017,4834,8449.94
2203701,2017,39078,8660.14
2203750,2017,5220,5340.04
2203800,2017,4393,8201.23
2203859,2017,2518,7942.81
2203909,2017,58969,17287.73
2204006,2017,5264,6868.92
2204105,2017,4288,8494.87
2204154,2017,3128,7447.57
2204204,2017,9154,6805.99
2204303,2017,11432,12785.95
2204352,2017,5352,7980.38
2204402,2017,10522,17665.94
2204501,2017,10335,51730.24
2204550,2017,4489,6833.15
2204600,2017,3816,7009.70
2204659,2017,9268,7363.94
2204709,2017,15065,8120.41
2204808,2017,9649,7089.96
2204907,2017,8428,6379.09
2205003,2017,11343,7035.70
2205102,2017,10845,10054.68
2205151,2017,5656,7618.64
2205201,2017,18782,8524.81
2205250,2017,4430,6648.53
2205276,2017,4786,8365.65
2205300,2017,4384,9894.62
2205359,2017,2961,8764.61
2205409,2017,14123,6412.59
2205458,2017,5350,6448.79
2205508,2017,38550,8292.92
2205516,2017,5391,7738.27
2205524,2017,5534,7309.36
2205532,2017,4683,7532.35
2205540,2017,2796,7228.90
2205557,2017,8395,6995.95
2205565,2017,4582,8142.51
2205573,2017,6646,5999.25
2205581,2017,3996,10948.70
2205599,2017,5087,8990.96
2205607,2017,5217,11845.31
2205706,2017,29792,9630.54
2205805,2017,25082,7644.57
2205854,2017,8170,5954.10
2205904,2017,5266,8053.74
2205953,2017,8342,7432.87
2206001,2017,4478,8873.38
2206050,2017,6338,6145.47
2206100,2017,10759,6700.99
2206209,2017,33209,6868.32
2206308,2017,1228,11991.04
2206357,2017,6511,6633.39
2206407,2017,10409,8746.28
2206506,2017,7621,7136.99
2206605,2017,10448,14847.53
2206654,2017,4066,7531.97
2206670,2017,6684,6657.99
2206696,2017,8997,7195.51
2206704,2017,7231,6714.56
2206720,2017,8425,9362.14
2206753,2017,4786,6973.05
2206803,2017,8547,6998.83
2206902,2017,6466,6497.37
2206951,2017,2940,7521.43
2207009,2017,36432,11010.40
2207108,2017,2417,8297.06
2207207,2017,6758,8014.50
2207306,2017,4065,8643.30
2207355,2017,3333,8193.22
2207405,2017,4967,14312.26
2207504,2017,14295,6810.28
2207553,2017,3886,8578.49
2207603,2017,10613,7629.42
2207702,2017,150547,13536.48
2207751,2017,4500,7853.78
2207777,2017,6288,7230.76
2207793,2017,3975,6122.52
2207801,2017,20192,9520.95
2207850,2017,3623,7676.51
2207900,2017,38127,7596.93
2207934,2017,2495,8416.43
2207959,2017,4302,7669.22
2208007,2017,76928,18534.56
2208106,2017,11935,6702.22
2208205,2017,18125,7409.05
2208304,2017,28312,9196.35
2208403,2017,62733,10476.78
2208502,2017,12358,6544.51
2208551,2017,2664,8520.27
2208601,2017,3103,7104.09
2208650,2017,8842,7724.84
2208700,2017,8634,7807.85
2208809,2017,17698,8909.88
2208858,2017,4246,8277.67
2208874,2017,4403,25287.99
2208908,2017,7214,48077.21
2209005,2017,6331,7058.92
2209104,2017,6140,7973.94
2209153,2017,3952,8248.48
2209203,2017,6156,34628.17
2209302,2017,5761,7963.20
2209351,2017,4559,7178.33
2209377,2017,5175,6922.32
2209401,2017,6305,9226.49
2209450,2017,2125,6114.35
2209500,2017,3731,7340.12
2209559,2017,4377,6375.14
2209609,2017,2901,8348.16
2209658,2017,5657,6904.54
2209708,2017,6324,7600.57
2209757,2017,2988,9616.47
2209807,2017,4931,7168.12
2209856,2017,4534,7159.90
2209872,2017,5938,7493.94
2209906,2017,6050,7777.52
2209955,2017,4762,6263.96
2209971,2017,7847,5910.79
2210003,2017,20258,10653.27
2210052,2017,5260,8627.38
2210102,2017,3689,8794.25
2210201,2017,6602,7873.52
2210300,2017,6261,7026.19
2210359,2017,4501,6644.08
2210375,2017,2602,6624.52
2210383,2017,2413,8409.03
2210391,2017,2991,7862.25
2210409,2017,17395,6971.31
2210508,2017,14056,7302.79
2210607,2017,34109,11956.32
2210623,2017,3421,10254.31
2210631,2017,4224,29192.47
2210656,2017,9880,6253.04
2210706,2017,14398,32241.77
2210805,2017,12488,10606.50
2210904,2017,4500,7438.22
2210938,2017,6612,7296.28
2210953,2017,2870,7636.24
2210979,2017,2719,9965.80
2211001,2017,850198,22486.10
2211100,2017,43761,7742.51
2211209,2017,21188,59542.48
2211308,2017,20588,10863.56
2211357,2017,4873,7128.05
2211407,2017,4325,7148.90
2211506,2017,3029,7950.48
2211605,2017,2931,9830.09
2211704,2017,4390,7152.62
2300101,2017,11605,8009.56
2300150,2017,16543,9071.57
2300200,2017,62199,10194.05
2300309,2017,53572,7405.88
2300408,2017,17194,6087.47
2300507,2017,11459,6046.25
2300606,2017,7479,7098.14
2300705,2017,16976,8560.26
2300754,2017,42901,10056.06
2300804,2017,7278,7951.77
2300903,2017,14719,7789.59
2301000,2017,79128,27878.21
2301109,2017,73629,17326.20
2301208,2017,26269,7805.74
2301257,2017,10823,7273.49
2301307,2017,21398,7566.60
2301406,2017,11244,13199.48
2301505,2017,7777,6858.94
2301604,2017,23254,9421.39
2301703,2017,24496,7951.22
2301802,2017,6228,7333.49
2301851,2017,18027,9159.37
2301901,2017,59811,15490.63
2301950,2017,20978,7863.19
2302008,2017,22440,8005.39
2302057,2017,14880,6892.20
2302107,2017,35351,10422.62
2302206,2017,53110,15039.05
2302305,2017,32378,7386.77
2302404,2017,54049,7485.60
2302503,2017,48830,12107.54
2302602,2017,62985,10536.67
2302701,2017,27209,8299.94
2302800,2017,77514,9207.72
2302909,2017,17668,8398.18
2303006,2017,22320,5684.50
2303105,2017,18660,7562.43
2303204,2017,26892,7427.30
2303303,2017,18804,7375.40
2303402,2017,17631,6786.00
2303501,2017,71079,12606.69
2303600,2017,20451,5451.62
2303659,2017,10365,8277.95
2303709,2017,362223,16184.83
2303808,2017,25063,7493.68
2303907,2017,12952,7127.16
2303931,2017,13384,6249.48
2303956,2017,19197,13967.08
2304004,2017,23107,6507.68
2304103,2017,74426,10014.58
2304202,2017,130604,11774.33
2304236,2017,17874,7358.45
2304251,2017,23983,9584.46
2304269,2017,9521,7019.01
2304277,2017,7163,7303.50
2304285,2017,52667,56139.59
2304301,2017,18720,10405.18
2304350,2017,24047,8683.62
2304400,2017,2627482,23441.59
2304459,2017,16272,9686.39
2304509,2017,13669,18300.90
2304608,2017,6922,7667.58
2304657,2017,15307,6272.49
2304707,2017,54365,6763.45
2304806,2017,4425,8727.23
2304905,2017,11012,7074.10
2304954,2017,26331,7945.65
2305001,2017,39445,11416.15
2305100,2017,3547,17412.74
2305209,2017,20215,7083.11
2305233,2017,65928,24225.69
2305266,2017,13218,7210.32
2305308,2017,24825,9388.60
2305332,2017,12350,7524.62
2305357,2017,19685,14130.30
2305407,2017,67486,8289.96
2305506,2017,102614,14639.03
2305605,2017,25967,8877.73
2305654,2017,11499,6866.60
2305704,2017,12349,8328.69
2305803,2017,41576,9099.55
2305902,2017,37896,6557.90
2306009,2017,14125,10012.25
2306108,2017,23858,7055.41
2306207,2017,7738,9001.55
2306256,2017,39310,16882.47
2306306,2017,51945,10588.45
2306405,2017,127465,12241.30
2306504,2017,20014,6750.52
2306553,2017,41230,18684.77
2306603,2017,20675,6310.42
2306702,2017,17958,8348.98
2306801,2017,11295,11540.15
2306900,2017,34448,14851.81
2307007,2017,33740,11974.16
2307106,2017,27076,7176.24
2307205,2017,7847,11533.20
2307254,2017,19510,15898.87
2307304,2017,270383,16378.30
2307403,2017,24597,7618.33
2307502,2017,31335,7951.20
2307601,2017,58915,15564.56
2307635,2017,19800,7045.96
2307650,2017,224804,37989.59
2307700,2017,126486,10816.23
2307809,2017,26981,11566.99
2307908,2017,11082,6983.76
2308005,2017,38210,6697.10
2308104,2017,46548,7972.46
2308203,2017,14948,6455.04
2308302,2017,28231,7894.19
2308351,2017,13136,9631.24
2308377,2017,13583,6389.60
2308401,2017,35409,17408.06
2308500,2017,43735,7280.99
2308609,2017,17038,7428.45
2308708,2017,61548,13687.41
2308807,2017,8636,7259.15
2308906,2017,22222,6655.52
2309003,2017,14377,6730.75
2309102,2017,12831,9761.83
2309201,2017,15433,9137.89
2309300,2017,32035,8505.38
2309409,2017,28353,7489.54
2309458,2017,25394,6783.69
2309508,2017,21292,8516.44
2309607,2017,70911,15010.82
2309706,2017,82824,12507.44
2309805,2017,11960,13845.90
2309904,2017,6202,7675.27
2310001,2017,9285,8288.85
2310100,2017,13145,7676.45
2310209,2017,33894,14040.45
2310258,2017,32515,10982.96
2310308,2017,31137,6576.13
2310407,2017,11578,8277.08
2310506,2017,42841,6581.27
2310605,2017,8956,11987.83
2310704,2017,37077,10924.27
2310803,2017,16163,19550.33
2310852,2017,20644,10710.23
2310902,2017,16731,7313.79
2310951,2017,10784,5295.44
2311009,2017,12243,6360.04
2311108,2017,14921,9151.80
2311207,2017,10918,8685.66
2311231,2017,6356,8486.00
2311264,2017,20860,8002.59
2311306,2017,86605,10823.87
2311355,2017,14860,8568.71
2311405,2017,78658,13196.00
2311504,2017,21876,17503.06
2311603,2017,27441,12224.30
2311702,2017,18769,10157.60
2311801,2017,76475,14769.06
2311900,2017,15678,8256.73
2311959,2017,16331,7229.99
2312007,2017,32023,6679.45
2312106,2017,17489,7589.97
2312205,2017,43360,10243.75
2312304,2017,46648,10186.42
2312403,2017,48265,63897.19
2312502,2017,7621,12404.02
2312601,2017,12849,7478.79
2312700,2017,26447,11911.63
2312809,2017,7513,6615.87
2312908,2017,205529,21683.85
2313005,2017,18158,10102.43
2313104,2017,30489,10839.55
2313203,2017,25525,7881.21
2313252,2017,8852,8078.29
2313302,2017,58119,10247.70
2313351,2017,18902,5832.24
2313401,2017,74719,16704.75
2313500,2017,55207,11938.65
2313559,2017,15935,6354.38
2313609,2017,34332,14829.63
2313708,2017,7671,6398.64
2313757,2017,19679,7052.29
2313807,2017,21609,21003.01
2313906,2017,13677,10858.81
2313955,2017,18239,13912.06
2314003,2017,40440,8594.19
2314102,2017,60030,6887.04
2400109,2017,11333,10509.22
2400208,2017,58183,15370.54
2400307,2017,11211,8556.69
2400406,2017,3260,7819.02
2400505,2017,13827,9054.60
2400604,2017,4854,7424.39
2400703,2017,14365,28787.40
2400802,2017,11909,10577.21
2400901,2017,7237,7305.10
2401008,2017,36323,12976.46
2401107,2017,27401,20511.59
2401206,2017,14307,25324.46
2401305,2017,9768,8549.75
2401404,2017,9309,14475.24
2401453,2017,28085,18053.59
2401503,2017,4064,8680.61
2401602,2017,5527,8284.78
2401651,2017,2307,96091.03
2401701,2017,10254,7867.56
2401800,2017,12720,11897.25
2401859,2017,6624,10479.02
2401909,2017,3680,9088.59
2402006,2017,68222,16786.86
2402105,2017,11244,6896.57
2402204,2017,34267,13970.35
2402303,2017,20707,14682.04
2402402,2017,8188,9865.17
2402501,2017,10715,11190.48
2402600,2017,73849,10950.45
2402709,2017,11344,12732.55
2402808,2017,5593,7653.32
2402907,2017,4980,8062.25
2403004,2017,8147,11900.70
2403103,2017,45228,15962.70
2403202,2017,7190,7489.43
2403251,2017,254709,19723.00
2403301,2017,5666,7435.05
2403400,2017,6119,10582.28
2403509,2017,10702,6739.58
2403608,2017,28331,13668.88
2403707,2017,6052,12608.56
2403756,2017,3072,10404.95
2403806,2017,9262,8757.61
2403905,2017,2890,8578.89
2404002,2017,4180,8456.70
2404101,2017,2715,25173.11
2404200,2017,26068,13765.69
2404309,2017,13157,15619.82
2404408,2017,10386,12709.03
2404507,2017,15309,106144.42
2404606,2017,13714,7543.24
2404705,2017,15464,8617.50
2404804,2017,2251,11540.20
2404853,2017,7571,11128.12
2404903,2017,5930,8112.31
2405009,2017,9068,6696.63
2405108,2017,6942,10770.96
2405207,2017,5386,11307.28
2405306,2017,10096,6535.76
2405405,2017,5247,7534.40
2405504,2017,2663,9561.02
2405603,2017,14858,8637.43
2405702,2017,12579,12314.73
2405801,2017,35087,29829.02
2405900,2017,2695,7767.72
2406007,2017,6050,8067.44
2406106,2017,18530,11566.97
2406155,2017,3910,8410.49
2406205,2017,6793,7434.71
2406304,2017,7579,7685.58
2406403,2017,2771,11226.27
2406502,2017,15590,16818.60
2406601,2017,8269,8023.34
2406700,2017,11316,10642.72
2406809,2017,4822,8511.20
2406908,2017,4002,10434.03
2407005,2017,10211,6737.05
2407104,2017,80031,18486.62
2407203,2017,31859,18628.99
2407252,2017,4002,8702.65
2407302,2017,8492,7320.89
2407401,2017,8793,9307.40
2407500,2017,12223,8919.58
2407609,2017,4608,16669.70
2407708,2017,11503,7701.12
2407807,2017,22462,9277.00
2407906,2017,2178,10082.64
2408003,2017,295619,20862.92
2408102,2017,885180,26501.57
2408201,2017,27372,13042.34
2408300,2017,37695,12257.49
2408409,2017,4349,7937.46
2408508,2017,4882,9668.37
2408607,2017,4276,7722.87
2408706,2017,3859,10549.11
2408805,2017,5258,80480.22
2408904,2017,21669,14875.54
2408953,2017,10901,15641.78
2409100,2017,13099,8213.91
2409209,2017,3109,9827.60
2409308,2017,12844,10089.38
2409332,2017,5500,11889.09
2409407,2017,30452,16196.74
2409506,2017,3356,61666.87
2409605,2017,2532,9862.95
2409704,2017,6938,7830.35
2409803,2017,14954,8243.01
2409902,2017,15083,18864.81
2410009,2017,3836,9143.64
2410108,2017,15418,6952.26
2410207,2017,7909,7555.57
2410256,2017,6789,17332.01
2410306,2017,10099,7704.13
2410405,2017,9568,13362.46
2410504,2017,5115,7920.63
2410603,2017,3234,8933.21
2410702,2017,3566,8547.67
2410801,2017,4277,7336.92
2410900,2017,8075,7961.73
2411007,2017,4545,8800.44
2411056,2017,4100,19501.46
2411106,2017,3669,8123.74
2411205,2017,39667,14174.53
2411403,2017,13289,9351.64
2411429,2017,2701,14275.08
2411502,2017,24220,8925.47
2411601,2017,2846,69030.22
2411700,2017,4425,7868.25
2411809,2017,3617,13509.26
2411908,2017,4238,9128.13
2412005,2017,101492,13938.88
2412104,2017,6260,8986.74
2412203,2017,43995,17331.54
2412302,2017,13007,7233.49
2412401,2017,4643,21854.62
2412500,2017,23610,9248.16
2412559,2017,9606,43678.12
2412609,2017,17572,9257.34
2412708,2017,6139,9608.08
2412807,2017,8343,8416.76
2412906,2017,11223,8059.25
2413003,2017,6469,9731.02
2413102,2017,6188,7012.93
2413201,2017,4423,23284.87
2413300,2017,5870,7667.29
2413359,2017,11838,25897.20
2413409,2017,8175,8972.84
2413508,2017,6422,8515.73
2413557,2017,4841,7709.77
2413607,2017,3150,13156.51
2413706,2017,5528,7603.84
2413805,2017,2566,9772.41
2413904,2017,12428,9717.41
2414001,2017,15866,8656.88
2414100,2017,10814,7691.23
2414159,2017,5912,15911.71
2414209,2017,13895,21966.75
2414308,2017,2437,12313.50
2414407,2017,34043,19875.04
2414456,2017,3327,12357.98
2414506,2017,10781,12012.06
2414605,2017,14609,9720.65
2414704,2017,5554,7528.45
2414753,2017,4187,8516.12
2414803,2017,12371,8628.00
2414902,2017,1731,9109.76
2415008,2017,3173,11625.91
2500106,2017,10258,7527.98
2500205,2017,5562,8521.04
2500304,2017,28565,9333.87
2500403,2017,20689,10921.02
2500502,2017,14464,7516.66
2500536,2017,5499,7693.22
2500577,2017,2501,10363.45
2500601,2017,19579,56716.33
2500700,2017,17940,9573.69
2500734,2017,2246,10860.64
2500775,2017,8430,8566.90
2500809,2017,17003,9856.67
2500908,2017,13538,7300.56
2501005,2017,20418,8105.25
2501104,2017,22776,10217.03
2501153,2017,2126,8785.51
2501203,2017,6975,7463.37
2501302,2017,19154,7371.57
2501351,2017,3921,9427.70
2501401,2017,9070,8798.90
2501500,2017,21156,10987.43
2501534,2017,4925,8223.96
2501575,2017,8241,7697.00
2501609,2017,15421,8270.86
2501708,2017,5979,7787.92
2501807,2017,97010,13978.40
2501906,2017,17685,9642.35
2502003,2017,7347,8781.95
2502052,2017,3438,9195.17
2502102,2017,5349,7835.48
2502151,2017,7083,17909.22
2502201,2017,2567,10208.80
2502300,2017,4972,8342.92
2502409,2017,11938,7958.54
2502508,2017,17842,10381.12
2502607,2017,6173,8294.99
2502706,2017,5430,11444.94
2502805,2017,14107,8667.90
2502904,2017,6457,7999.85
2503001,2017,21872,14729.29
2503100,2017,5570,8668.76
2503209,2017,68033,42563.12
2503308,2017,10265,10665.27
2503407,2017,3749,8831.96
2503506,2017,17156,7221.61
2503555,2017,7183,6587.50
2503605,2017,7283,8146.78
2503704,2017,62187,17626.40
2503753,2017,3197,9530.18
2503803,2017,6025,10948.71
2503902,2017,6020,9863.95
2504009,2017,410332,21080.71
2504033,2017,6552,9164.84
2504074,2017,4171,8317.19
2504108,2017,2667,9590.93
2504157,2017,7476,7931.25
2504207,2017,4934,8150.99
2504306,2017,30534,12447.04
2504355,2017,4839,11730.32
2504405,2017,18944,8504.96
2504504,2017,6753,8511.92
2504603,2017,24769,25683.39
2504702,2017,4789,10543.75
2504801,2017,15426,9146.44
2504850,2017,1925,9968.83
2504900,2017,17559,7265.79
2505006,2017,7274,8141.46
2505105,2017,20348,9374.04
2505204,2017,6790,8378.65
2505238,2017,6358,8690.94
2505279,2017,5232,9023.32
2505303,2017,2517,7937.23
2505352,2017,5343,7825.94
2505402,2017,8306,7117.39
2505501,2017,3808,8716.12
2505600,2017,6550,8132.67
2505709,2017,10383,7825.77
2505808,2017,3594,10481.36
2505907,2017,3528,9073.41
2506004,2017,33266,12266.46
2506103,2017,11313,7731.90
2506202,2017,2990,8883.95
2506251,2017,8435,7690.22
2506301,2017,58881,16089.32
2506400,2017,14134,9544.71
2506509,2017,3436,8887.37
2506608,2017,5925,8001.18
2506707,2017,11833,6382.41
2506806,2017,18163,8588.39
2506905,2017,24475,11181.53
2507002,2017,24842,11025.84
2507101,2017,18715,9203.10
2507200,2017,10876,9684.72
2507309,2017,14378,8411.60
2507408,2017,7742,8088.74
2507507,2017,811598,24323.27
2507606,2017,7950,7936.23
2507705,2017,18213,8474.06
2507804,2017,7165,9097.98
2507903,2017,10770,9263.60
2508000,2017,9868,7499.80
2508109,2017,4666,8099.66
2508208,2017,7670,9337.94
2508307,2017,27543,9418.62
2508406,2017,2725,9571.01
2508505,2017,7386,7750.07
2508554,2017,4343,8631.82
2508604,2017,13121,14304.78
2508703,2017,4009,7855.82
2508802,2017,5665,8754.99
2508901,2017,45005,13892.23
2509008,2017,11120,6512.68
2509057,2017,8586,8428.49
2509107,2017,21854,8748.06
2509156,2017,6614,9274.87
2509206,2017,13853,7370.53
2509305,2017,8466,21880.11
2509339,2017,4537,9188.01
2509370,2017,2915,8749.23
2509396,2017,6587,7668.44
2509404,2017,13286,9783.31
2509503,2017,5691,10795.47
2509602,2017,4825,7643.73
2509701,2017,33294,14893.85
2509800,2017,9922,7753.48
2509909,2017,10460,7726.20
2510006,2017,7296,7885.01
2510105,2017,10639,7792.37
2510204,2017,5944,8067.63
2510303,2017,4910,8027.49
2510402,2017,6512,8701.17
2510501,2017,3951,8914.20
2510600,2017,3042,10260.36
2510659,2017,1769,10522.33
2510709,2017,2424,10040.84
2510808,2017,107790,15884.37
2510907,2017,12308,9715.14
2511004,2017,3803,8546.41
2511103,2017,8122,8474.02
2511202,2017,28499,14927.75
2511301,2017,16091,11160.77
2511400,2017,18737,9421.52
2511509,2017,11938,7781.87
2511608,2017,6607,13230.97
2511707,2017,5080,8597.44
2511806,2017,10585,8033.63
2511905,2017,19182,13830.15
2512002,2017,18622,12548.38
2512036,2017,3770,8873.47
2512077,2017,4318,9407.60
2512101,2017,32766,11636.45
2512200,2017,4179,11771.72
2512309,2017,23489,9065.09
2512408,2017,13715,7096.17
2512507,2017,44214,10532.30
2512606,2017,1964,11380.86
2512705,2017,19579,8630.37
2512721,2017,6099,7680.44
2512747,2017,3607,8562.79
2512754,2017,4529,9043.94
2512762,2017,4519,9704.80
2512788,2017,1985,10928.46
2512804,2017,8609,8190.15
2512903,2017,24154,9877.83
2513000,2017,3980,6391.71
2513109,2017,12145,9182.46
2513158,2017,6557,8087.69
2513208,2017,6585,8412.15
2513307,2017,5887,8390.86
2513356,2017,3596,8084.26
2513406,2017,15401,12880.14
2513505,2017,5159,7782.32
2513604,2017,7024,7633.26
2513653,2017,2690,9920.82
2513703,2017,136851,16242.15
2513802,2017,4573,9757.71
2513851,2017,2519,9591.50
2513901,2017,34215,12444.31
2513927,2017,4540,8875.99
2513943,2017,2601,9140.72
2513968,2017,3120,9022.12
2513984,2017,3363,9504.01
2514008,2017,4296,9974.86
2514107,2017,4423,7693.19
2514206,2017,7679,7526.37
2514305,2017,6279,7370.28
2514404,2017,4635,10464.94
2514453,2017,5969,7870.83
2514503,2017,20163,8725.49
2514552,2017,3842,7574.44
2514602,2017,3566,7662.37
2514651,2017,1806,12740.31
2514701,2017,4145,14331.72
2514800,2017,3711,7713.02
2514909,2017,7721,8970.73
2515005,2017,7180,8687.05
2515104,2017,11845,7313.72
2515203,2017,3496,8878.15
2515302,2017,52697,10055.96
2515401,2017,11084,6147.33
2515500,2017,13707,8591.89
2515609,2017,3121,10088.75
2515708,2017,3100,15598.39
2515807,2017,7020,8499.86
2515906,2017,6093,9666.34
2515930,2017,5044,9128.07
2515971,2017,7795,11146.25
2516003,2017,26376,10013.69
2516102,2017,14987,11375.66
2516151,2017,3567,8755.54
2516201,2017,69554,15608.43
2516300,2017,16957,10300.35
2516409,2017,10967,6819.73
2516508,2017,15276,8061.99
2516607,2017,14661,7415.11
2516706,2017,15191,8921.60
2516755,2017,3066,9168.30
2516805,2017,9482,7879.46
2516904,2017,15382,10591.86
2517001,2017,9913,7320.39
2517100,2017,2820,10537.23
2517209,2017,5358,7726.02
2517407,2017,2245,9982.63
2600054,2017,99364,20158.28
2600104,2017,37017,10943.05
2600203,2017,19411,8558.09
2600302,2017,24644,10072.76
2600401,2017,36371,6594.79
2600500,2017,43087,7760.07
2600609,2017,14517,8586.97
2600708,2017,38267,8196.10
2600807,2017,22896,6723.71
2600906,2017,22726,9224.90
2601003,2017,11045,10317.16
2601052,2017,20268,6858.59
2601102,2017,83757,11790.12
2601201,2017,73667,13274.14
2601300,2017,14224,7156.21
2601409,2017,42438,10124.63
2601508,2017,11992,6404.69
2601607,2017,20670,9827.72
2601706,2017,75986,23760.98
2601805,2017,12637,7104.30
2601904,2017,60549,11751.03
2602001,2017,37816,6541.01
2602100,2017,48214,9979.94
2602209,2017,39025,8712.24
2602308,2017,38044,10589.45
2602407,2017,8973,18763.85
2602506,2017,7465,6932.48
2602605,2017,50138,7043.72
2602704,2017,13085,6962.02
2602803,2017,57696,7124.08
2602902,2017,204653,49015.66
2603009,2017,33856,11939.09
2603108,2017,20209,10003.81
2603207,2017,28500,14654.04
2603306,2017,11055,8169.15
2603405,2017,5736,8281.73
2603454,2017,156361,11235.28
2603504,2017,18583,8651.51
2603603,2017,8493,22440.60
2603702,2017,24762,7792.34
2603801,2017,19991,9952.28
2603900,2017,19440,7453.91
2603926,2017,12805,6021.63
2604007,2017,82685,15947.80
2604106,2017,356128,19303.39
2604155,2017,14274,6320.44
2604205,2017,42343,6828.61
2604304,2017,11695,7484.40
2604403,2017,13396,10267.09
2604502,2017,21525,9656.91
2604601,2017,26186,8184.18
2604700,2017,18098,8347.55
2604809,2017,12560,8378.58
2604908,2017,11559,8444.33
2605004,2017,23977,11069.19
2605103,2017,36753,11652.82
2605152,2017,18692,11490.53
2605202,2017,68281,12759.52
2605301,2017,31790,7492.73
2605400,2017,21958,8687.22
2605459,2017,3016,50906.50
2605509,2017,12057,8861.16
2605608,2017,22567,8120.66
2605707,2017,32483,12700.09
2605806,2017,15328,7096.75
2605905,2017,30709,6688.76
2606002,2017,138642,16893.99
2606101,2017,30425,15752.31
2606200,2017,79249,115509.71
2606309,2017,7417,7721.86
2606408,2017,83241,12839.39
2606507,2017,19100,7780.84
2606606,2017,28985,8828.22
2606705,2017,7735,7810.21
2606804,2017,115398,21486.64
2606903,2017,12175,7211.42
2607000,2017,22801,6809.53
2607109,2017,4542,7491.41
2607208,2017,94533,115221.39
2607307,2017,30447,8840.28
2607406,2017,4858,10994.85
2607505,2017,26314,7774.49
2607604,2017,25789,9281.63
2607653,2017,36320,13623.84
2607703,2017,13638,7503.15
2607752,2017,26338,53107.45
2607802,2017,16859,7691.14
2607901,2017,695956,19455.38
2607950,2017,11634,8755.11
2608008,2017,17026,6991.89
2608057,2017,14703,8344.49
2608107,2017,33485,8134.39
2608206,2017,15989,7846.96
2608255,2017,11334,9161.37
2608305,2017,14712,10423.80
2608404,2017,15284,7769.50
2608453,2017,17847,12777.89
2608503,2017,21338,14505.16
2608602,2017,13033,8630.63
2608701,2017,16218,7952.89
2608750,2017,25294,12944.41
2608800,2017,39888,11308.59
2608909,2017,56140,13241.63
2609006,2017,25214,9620.85
2609105,2017,15820,12695.95
2609154,2017,21047,5643.75
2609204,2017,11433,7494.53
2609303,2017,15270,10214.80
2609402,2017,62119,10990.53
2609501,2017,32280,16116.36
2609600,2017,390771,13915.15
2609709,2017,23768,14043.76
2609808,2017,14794,10239.49
2609907,2017,68776,8901.94
2610004,2017,62832,13267.41
2610103,2017,7761,9343.25
2610202,2017,26417,6653.25
2610301,2017,11449,21210.67
2610400,2017,21383,7665.20
2610509,2017,28889,7615.29
2610608,2017,55942,13556.29
2610707,2017,328353,12238.73
2610806,2017,22505,10839.55
2610905,2017,66881,10345.30
2611002,2017,36108,29878.86
2611101,2017,343219,17448.97
2611200,2017,11268,7592.21
2611309,2017,26960,13500.85
2611408,2017,14798,11411.27
2611507,2017,25831,6794.43
2611533,2017,6802,7230.08
2611606,2017,1633697,31731.30
2611705,2017,20392,8154.82
2611804,2017,47088,8227.89
2611903,2017,23379,11119.55
2612000,2017,10065,14359.46
2612109,2017,10747,5782.26
2612208,2017,60453,13106.68
2612307,2017,15779,9093.73
2612406,2017,25979,7464.11
2612455,2017,15202,6610.05
2612471,2017,12501,6682.83
2612505,2017,105761,13502.17
2612554,2017,14355,6352.70
2612604,2017,41652,12397.08
2612703,2017,14013,7257.90
2612802,2017,11734,6974.26
2612901,2017,15683,6131.29
2613008,2017,58824,16201.23
2613107,2017,37023,9466.20
2613206,2017,22628,8943.34
2613305,2017,21257,7909.54
2613404,2017,20963,11975.58
2613503,2017,33804,7591.00
2613602,2017,33704,10765.10
2613701,2017,112099,9877.28
2613800,2017,17904,13162.87
2613909,2017,85568,15623.29
2614006,2017,19080,7167.66
2614105,2017,35670,7809.92
2614204,2017,45263,10654.49
2614303,2017,11238,7212.67
2614402,2017,5978,6898.29
2614501,2017,64373,11986.72
2614600,2017,28301,8798.63
2614709,2017,12853,9869.29
2614808,2017,25368,6726.15
2614857,2017,23100,12356.58
2615003,2017,28358,9341.53
2615102,2017,7120,7221.21
2615201,2017,10437,6453.77
2615300,2017,53083,12186.84
2615409,2017,44189,14126.95
2615508,2017,13689,7418.00
2615607,2017,30155,9345.25
2615706,2017,15221,9122.66
2615805,2017,26990,6820.01
2615904,2017,8169,9275.43
2616001,2017,18258,11374.63
2616100,2017,9490,6824.34
2616183,2017,7641,8779.48
2616209,2017,20460,7511.93
2616308,2017,32429,11019.33
2616407,2017,137578,26831.43
2616506,2017,14651,7147.70
2700102,2017,20467,6676.50
2700201,2017,17818,7935.96
2700300,2017,234185,17525.30
2700409,2017,47744,16045.47
2700508,2017,16064,10009.71
2700607,2017,8401,20386.14
2700706,2017,18757,9289.23
2700805,2017,4453,8582.98
2700904,2017,6797,12261.00
2701001,2017,27590,9749.47
2701100,2017,10675,37002.34
2701209,2017,10897,8099.66
2701308,2017,21526,7977.10
2701357,2017,7024,9105.21
2701407,2017,57548,8626.73
2701506,2017,9692,8632.07
2701605,2017,17983,6020.85
2701704,2017,17354,10318.72
2701803,2017,9155,6265.97
2701902,2017,7427,14656.52
2702009,2017,10888,9392.73
2702108,2017,21926,11501.60
2702207,2017,5918,11328.15
2702306,2017,57498,23934.55
2702355,2017,24510,8020.36
2702405,2017,52597,9044.36
2702504,2017,11214,6948.28
2702553,2017,18435,5674.37
2702603,2017,22481,12659.36
2702702,2017,4806,22643.15
2702801,2017,12966,13518.97
2702900,2017,41279,7822.79
2703007,2017,15840,8868.50
2703106,2017,26022,6991.24
2703205,2017,24793,15525.63
2703304,2017,18652,6011.69
2703403,2017,5356,9719.01
2703502,2017,7135,24038.26
2703601,2017,8453,18860.29
2703700,2017,5676,9467.05
2703759,2017,11782,21152.27
2703809,2017,24280,12984.84
2703908,2017,4231,10775.47
2704005,2017,25093,14094.85
2704104,2017,18175,8669.60
2704203,2017,28953,15842.85
2704302,2017,1029129,21223.64
2704401,2017,20200,8698.76
2704500,2017,32940,20443.87
2704609,2017,9418,7050.22
2704708,2017,52260,36789.34
2704807,2017,13514,10184.33
2704906,2017,3579,8897.46
2705002,2017,25589,7405.72
2705101,2017,25012,11932.99
2705200,2017,17988,9985.16
2705309,2017,5413,8945.87
2705408,2017,7260,7148.07
2705507,2017,28579,10161.48
2705606,2017,12821,11374.23
2705705,2017,21767,8815.27
2705804,2017,9459,7405.01
2705903,2017,5195,7685.85
2706000,2017,11772,5847.60
2706109,2017,11635,6612.81
2706208,2017,5066,6592.97
2706307,2017,74208,10490.47
2706406,2017,24792,7510.29
2706422,2017,10684,6744.66
2706448,2017,13252,11420.77
2706505,2017,15461,17240.48
2706604,2017,7679,8808.31
2706703,2017,64497,13919.78
2706802,2017,18074,16253.24
2706901,2017,35552,12182.47
2707008,2017,2953,11049.10
2707107,2017,25298,8705.23
2707206,2017,14575,6350.19
2707305,2017,27501,12481.98
2707404,2017,7965,34347.14
2707503,2017,20327,9517.64
2707602,2017,11496,9799.58
2707701,2017,76019,13398.90
2707800,2017,6774,21664.16
2707909,2017,7386,20810.59
2708006,2017,48232,10647.91
2708105,2017,10899,74052.85
2708204,2017,7058,16306.32
2708303,2017,24226,12471.68
2708402,2017,32626,7116.44
2708501,2017,34961,11910.36
2708600,2017,61827,15810.07
2708709,2017,8022,17573.92
2708808,2017,34551,11029.43
2708907,2017,13949,14887.59
2708956,2017,14036,5863.00
2709004,2017,6270,7910.05
2709103,2017,20205,13464.39
2709152,2017,44666,10525.84
2709202,2017,28070,7320.56
2709301,2017,66477,14069.12
2709400,2017,26143,11301.99
2800100,2017,2390,11868.20
2800209,2017,21589,10026.31
2800308,2017,650106,25190.44
2800407,2017,10362,10445.28
2800506,2017,18489,10584.35
2800605,2017,29807,12937.77
2800670,2017,26961,11111.79
2800704,2017,8322,9318.67
2801009,2017,18111,11689.58
2801108,2017,4058,12976.84
2801207,2017,29372,55600.74
2801306,2017,34050,9604.55
2801405,2017,21842,12091.02
2801504,2017,16275,20028.69
2801603,2017,5933,8783.41
2801702,2017,18270,10858.24
2801900,2017,4012,10379.11
2802007,2017,5058,20375.44
2802106,2017,69278,23591.17
2802205,2017,5616,11939.64
2802304,2017,15349,15648.25
2802403,2017,11736,9060.33
2802502,2017,3315,9390.65
2802601,2017,5870,11409.71
2802700,2017,8611,8495.06
2802809,2017,17810,9319.82
2802908,2017,95196,18964.28
2803005,2017,41961,10244.70
2803104,2017,4988,11213.71
2803203,2017,34101,30298.61
2803302,2017,18656,15839.41
2803401,2017,13238,11479.83
2803500,2017,104099,14460.98
2803609,2017,29700,31195.96
2803708,2017,6920,10284.68
2803807,2017,3693,13448.96
2803906,2017,12691,11019.23
2804003,2017,17297,15809.39
2804102,2017,11438,13024.65
2804201,2017,15177,9369.05
2804300,2017,7683,10695.43
2804409,2017,18953,14312.56
2804458,2017,8869,15271.73
2804508,2017,36613,15142.05
2804607,2017,26624,10816.52
2804706,2017,6530,9883.92
2804805,2017,181928,14279.15
2804904,2017,14420,12464.70
2805000,2017,3254,11211.74
2805109,2017,9594,8768.08
2805208,2017,6556,10767.08
2805307,2017,9241,12637.81
2805406,2017,34529,8624.72
2805505,2017,23740,11927.67
2805604,2017,28735,9320.10
2805703,2017,29834,16258.80
2805802,2017,20014,12625.16
2805901,2017,10196,16852.49
2806008,2017,18641,17833.11
2806107,2017,10699,42960.84
2806206,2017,20168,8678.25
2806305,2017,14034,10967.08
2806404,2017,7751,10609.60
2806503,2017,3938,10533.01
2806602,2017,12146,10302.16
2806701,2017,89232,10197.93
2806800,2017,11133,9106.62
2806909,2017,3983,9873.21
2807006,2017,3943,10399.44
2807105,2017,40838,13664.31
2807204,2017,8851,13720.26
2807303,2017,3221,10427.51
2807402,2017,52156,10451.86
2807501,2017,13208,8766.51
2807600,2017,25114,12917.54
2900108,2017,9199,6354.71
2900207,2017,20189,6805.93
2900306,2017,15727,7678.13
2900355,2017,17349,6941.90
2900405,2017,17508,7792.44
2900504,2017,11212,5408.85
2900603,2017,4725,8722.12
2900702,2017,155979,22470.15
2900801,2017,23376,11313.40
2900900,2017,5985,8664.16
2901007,2017,38259,8882.62
2901106,2017,26409,10975.05
2901155,2017,16798,6622.10
2901205,2017,19568,8538.79
2901304,2017,13737,7118.95
2901353,2017,15490,12302.58
2901403,2017,14690,9246.43
2901502,2017,11481,5745.06
2901601,2017,19569,5764.53
2901700,2017,12208,8631.47
2901809,2017,12072,5697.07
2901908,2017,18334,7446.93
2901957,2017,7730,7268.69
2902005,2017,13962,7594.33
2902054,2017,12608,11030.93
2902104,2017,55935,6817.13
2902203,2017,11703,7660.51
2902252,2017,11661,6625.50
2902302,2017,9171,7024.64
2902401,2017,12706,8252.56
2902500,2017,14323,10091.46
2902609,2017,21403,6602.44
2902658,2017,13765,6596.15
2902708,2017,54915,6731.06
2902807,2017,22082,10653.29
2902906,2017,34121,10593.45
2903003,2017,14560,6473.21
2903102,2017,6258,7322.15
2903201,2017,157638,24714.71
2903235,2017,15217,5562.13
2903276,2017,16296,13554.37
2903300,2017,6251,9646.78
2903409,2017,24013,11069.09
2903508,2017,18247,7060.17
2903607,2017,16653,6924.22
2903706,2017,14069,6616.53
2903805,2017,19502,6070.10
2903904,2017,70618,14101.19
2903953,2017,10477,5156.44
2904001,2017,14760,6011.18
2904050,2017,17131,8889.56
2904100,2017,22464,6712.92
2904209,2017,10898,8506.33
2904308,2017,15122,7334.02
2904407,2017,10833,7420.11
2904506,2017,10974,6964.28
2904605,2017,69677,24464.49
2904704,2017,19256,9612.69
2904753,2017,21786,5651.79
2904803,2017,7841,7728.10
2904852,2017,19312,5986.43
2904902,2017,35139,14019.95
2905008,2017,23817,10346.31
2905107,2017,10058,7050.21
2905156,2017,16106,5049.98
2905206,2017,52853,16475.55
2905305,2017,19006,8390.30
2905404,2017,18224,34261.03
2905503,2017,13713,6912.13
2905602,2017,33310,7961.27
2905701,2017,296893,77382.76
2905800,2017,36644,8481.36
2905909,2017,30048,6754.06
2906006,2017,73448,15048.62
2906105,2017,10151,6342.23
2906204,2017,26862,6818.63
2906303,2017,33002,9463.43
2906402,2017,8837,6060.09
2906501,2017,89707,42898.37
2906600,2017,14792,7551.99
2906709,2017,26674,6958.95
2906808,2017,36191,7019.40
2906824,2017,17316,7488.97
2906857,2017,12199,7245.35
2906873,2017,31392,12666.51
2906899,2017,9773,6900.75
2906907,2017,22740,14164.12
2907004,2017,9544,8229.46
2907103,2017,30118,6938.08
2907202,2017,73382,9093.95
2907301,2017,27238,13665.61
2907400,2017,3669,20591.99
2907509,2017,56459,9482.28
2907558,2017,9764,5837.46
2907608,2017,17969,9998.33
2907707,2017,11591,6286.26
2907806,2017,34676,7797.44
2907905,2017,17739,7351.94
2908002,2017,19022,8217.91
2908101,2017,19498,14847.42
2908200,2017,23024,10548.86
2908309,2017,18229,8473.48
2908408,2017,68303,11048.20
2908507,2017,33876,67364.56
2908606,2017,26371,11579.58
2908705,2017,18191,7660.93
2908804,2017,4299,8903.23
2908903,2017,23896,7460.75
2909000,2017,8904,6209.23
2909109,2017,14933,7854.28
2909208,2017,16814,7805.94
2909307,2017,33361,37930.16
2909406,2017,14414,8810.74
2909505,2017,5576,6593.44
2909604,2017,21835,6809.89
2909703,2017,14403,7604.04
2909802,2017,64932,14436.92
2909901,2017,35524,7640.72
2910008,2017,11716,7001.71
2910057,2017,80657,37687.12
2910107,2017,12604,8093.62
2910206,2017,4212,7426.88
2910305,2017,8461,6515.90
2910404,2017,19376,9336.65
2910503,2017,43223,11251.26
2910602,2017,37845,14826.34
2910701,2017,61924,8624.54
2910727,2017,115290,22778.91
2910750,2017,18443,9754.32
2910776,2017,5922,7722.73
2910800,2017,627477,21819.42
2910859,2017,17176,7007.51
2910909,2017,5822,7384.75
2911006,2017,11244,6793.49
2911105,2017,25912,67334.94
2911204,2017,33234,9706.23
2911253,2017,4725,8101.16
2911303,2017,11639,12328.12
2911402,2017,15840,12001.45
2911501,2017,7848,7489.93
2911600,2017,21495,9010.65
2911659,2017,8081,6379.41
2911709,2017,86808,14667.84
2911808,2017,22154,9518.37
2911857,2017,13718,6665.62
2911907,2017,25884,7764.41
2912004,2017,10183,8145.83
2912103,2017,23529,7879.51
2912202,2017,19786,12925.45
2912301,2017,16796,8766.85
2912400,2017,18678,6609.86
2912509,2017,15413,6543.37
2912608,2017,4214,6420.27
2912707,2017,24293,6925.70
2912806,2017,8852,27973.34
2912905,2017,17221,9023.63
2913002,2017,16855,5765.77
2913101,2017,17948,6531.65
2913200,2017,27862,12314.51
2913309,2017,6437,6337.73
2913408,2017,16283,11132.72
2913457,2017,14187,11010.78
2913507,2017,27939,6596.16
2913606,2017,176341,21759.31
2913705,2017,40453,11238.08
2913804,2017,15499,5011.81
2913903,2017,47704,9019.24
2914000,2017,62631,10407.43
2914109,2017,10157,7664.37
2914208,2017,7521,7834.06
2914307,2017,9901,7764.27
2914406,2017,25536,14640.74
2914505,2017,29879,8122.69
2914604,2017,74483,14537.77
2914653,2017,31422,10770.61
2914703,2017,66806,12987.89
2914802,2017,221046,18038.32
2914901,2017,28382,9337.01
2915007,2017,16586,5458.58
2915106,2017,13199,7455.64
2915205,2017,15577,8375.04
2915304,2017,7291,14809.90
2915353,2017,14718,6603.82
2915403,2017,7218,9171.93
2915502,2017,21642,11381.34
2915601,2017,67356,12999.97
2915700,2017,8476,7676.14
2915809,2017,24901,8951.41
2915908,2017,6730,8014.41
2916005,2017,20501,10858.49
2916104,2017,22866,9835.26
2916203,2017,9830,8593.90
2916302,2017,10830,34869.81
2916401,2017,77533,13957.49
2916500,2017,36211,8815.11
2916609,2017,10799,6819.98
2916708,2017,8592,7275.72
2916807,2017,20314,12388.11
2916856,2017,14957,20932.87
2916906,2017,13254,6768.07
2917003,2017,37567,6923.87
2917102,2017,21241,10431.24
2917201,2017,19577,8268.84
2917300,2017,29428,9933.63
2917334,2017,11399,7818.76
2917359,2017,9056,45876.33
2917409,2017,15459,6126.85
2917508,2017,83635,15233.20
2917607,2017,56033,9200.17
2917706,2017,34499,16422.27
2917805,2017,19036,8301.06
2917904,2017,11120,13134.35
2918001,2017,162209,15774.85
2918100,2017,41605,8041.87
2918209,2017,15106,6925.20
2918308,2017,12692,9890.72
2918357,2017,25646,8144.93
2918407,2017,221773,16704.84
2918456,2017,9924,9576.48
2918506,2017,16006,6124.33
2918555,2017,6275,8402.07
2918605,2017,7066,7976.22
2918704,2017,3975,9532.33
2918753,2017,16029,5506.33
2918803,2017,24306,8893.89
2918902,2017,4068,13429.94
2919009,2017,4017,15109.29
2919058,2017,8886,7346.50
2919108,2017,9007,5412.01
2919157,2017,28244,6790.22
2919207,2017,197636,31993.09
2919306,2017,11636,9628.14
2919405,2017,12969,8060.76
2919504,2017,46739,8970.13
2919553,2017,83557,57439.80
2919603,2017,11879,6108.43
2919702,2017,19110,8087.49
2919801,2017,50987,6452.80
2919900,2017,8266,5099.44
2919926,2017,21007,21131.96
2919959,2017,4456,9952.42
2920007,2017,10274,9140.55
2920106,2017,19695,6857.02
2920205,2017,17526,7542.79
2920304,2017,8856,6857.05
2920403,2017,14251,7701.78
2920452,2017,13959,5125.44
2920502,2017,23018,19683.20
2920601,2017,46260,7228.71
2920700,2017,21313,10012.11
2920809,2017,10931,7068.06
2920908,2017,14728,10221.35
2921005,2017,46998,22428.19
2921054,2017,12488,5778.91
2921104,2017,23586,13878.57
2921203,2017,27520,7880.85
2921302,2017,11585,7737.68
2921401,2017,18729,5743.98
2921450,2017,9578,5933.08
2921500,2017,51953,6278.37
2921609,2017,8950,6924.25
2921708,2017,36856,10437.13
2921807,2017,12529,6876.29
2921906,2017,9957,39149.04
2922003,2017,42072,46595.00
2922052,2017,11988,7660.24
2922102,2017,27364,5773.10
2922201,2017,7678,6227.01
2922250,2017,11644,11174.34
2922300,2017,30631,8452.12
2922409,2017,22998,8783.81
2922508,2017,29546,8796.55
2922607,2017,14368,8521.78
2922656,2017,13597,11860.48
2922706,2017,17141,7123.97
2922730,2017,8119,8976.60
2922755,2017,6986,8939.31
2922805,2017,8428,5779.90
2922854,2017,9500,5605.47
2922904,2017,25460,7998.19
2923001,2017,44052,10915.19
2923035,2017,12514,6051.86
2923050,2017,16037,3289.52
2923100,2017,29227,6704.90
2923209,2017,22805,7363.08
2923308,2017,8916,5763.57
2923357,2017,18025,8211.54
2923407,2017,22553,7168.63
2923506,2017,9250,8087.03
2923605,2017,22286,9056.31
2923704,2017,32967,6408.83
2923803,2017,30075,10993.02
2923902,2017,10673,9132.95
2924009,2017,120706,23955.69
2924058,2017,14226,6691.27
2924108,2017,7527,5320.71
2924207,2017,18209,5536.55
2924306,2017,18267,6375.27
2924405,2017,35740,6183.86
2924504,2017,16889,10979.69
2924603,2017,21171,6239.67
2924652,2017,11012,7130.58
2924678,2017,10411,7353.28
2924702,2017,11849,5832.14
2924801,2017,25211,5839.67
2924900,2017,9582,6396.47
2925006,2017,26915,8371.58
2925105,2017,48861,9115.88
2925204,2017,39718,21802.86
2925253,2017,15830,7104.04
2925303,2017,149324,18926.88
2925402,2017,8438,9737.50
2925501,2017,29326,14868.10
2925600,2017,15734,6429.96
2925709,2017,13334,5912.70
2925758,2017,28082,8411.72
2925808,2017,26552,7770.98
2925907,2017,28632,6497.87
2925931,2017,9411,6417.38
2925956,2017,23562,10389.31
2926004,2017,42672,7768.16
2926103,2017,14730,8388.32
2926202,2017,23313,28502.12
2926301,2017,34784,8828.97
2926400,2017,36439,6774.14
2926509,2017,15443,8845.76
2926608,2017,54965,9803.84
2926657,2017,7437,10526.96
2926707,2017,13712,8618.66
2926806,2017,15804,6321.06
2926905,2017,12130,6694.31
2927002,2017,41767,20221.80
2927101,2017,9405,9100.90
2927200,2017,32009,9472.27
2927309,2017,15772,9951.62
2927408,2017,2953986,21267.43
2927507,2017,21415,7776.61
2927606,2017,14976,6689.50
2927705,2017,28552,13830.41
2927804,2017,6698,8028.52
2927903,2017,11161,6232.15
2928000,2017,38422,9006.14
2928059,2017,13398,6574.34
2928109,2017,41769,10382.15
2928208,2017,27492,8513.31
2928307,2017,9263,5447.16
2928406,2017,29146,7433.99
2928505,2017,10682,6529.58
2928604,2017,61961,12634.80
2928703,2017,103342,20378.86
2928802,2017,53898,13467.44
2928901,2017,33661,69988.83
2928950,2017,9404,7407.81
2929008,2017,15310,8774.66
2929057,2017,15825,10670.46
2929107,2017,21964,8221.41
2929206,2017,40220,251664.77
2929255,2017,19613,5591.55
2929305,2017,38018,22236.68
2929354,2017,6045,8119.44
2929370,2017,10784,7434.25
2929404,2017,12092,8977.92
2929503,2017,45827,11985.84
2929602,2017,18114,8764.77
2929701,2017,20429,7222.72
2929750,2017,12380,10253.88
2929800,2017,13385,5951.96
2929909,2017,45568,10347.41
2930006,2017,11696,6455.28
2930105,2017,81218,10045.27
2930154,2017,32991,9090.66
2930204,2017,41891,11175.29
2930303,2017,18320,7668.40
2930402,2017,16036,6668.18
2930501,2017,83088,10284.94
2930600,2017,13832,6533.04
2930709,2017,136050,39104.63
2930758,2017,13437,6713.55
2930766,2017,11283,6967.56
2930774,2017,23713,20726.02
2930808,2017,17503,5897.33
2930907,2017,13057,10363.94
2931004,2017,21315,8725.45
2931053,2017,17884,8684.19
2931103,2017,8232,6379.37
2931202,2017,21462,7425.03
2931301,2017,17845,6071.67
2931350,2017,161690,14349.72
2931400,2017,7936,15790.32
2931509,2017,23378,6425.14
2931608,2017,15357,9669.86
2931707,2017,13536,8977.84
2931806,2017,17700,6340.62
2931905,2017,52540,8462.31
2932002,2017,25773,6983.55
2932101,2017,20800,8335.77
2932200,2017,20489,9847.33
2932309,2017,27527,6615.32
2932408,2017,14474,6207.68
2932457,2017,19522,6044.31
2932507,2017,21331,11928.74
2932606,2017,17356,9599.33
2932705,2017,21711,9760.03
2932804,2017,19780,7895.40
2932903,2017,98749,14564.22
2933000,2017,28743,7798.14
2933059,2017,14662,6122.08
2933109,2017,9449,8004.23
2933158,2017,13454,8890.89
2933174,2017,9375,11157.55
2933208,2017,43640,11785.11
2933257,2017,6620,10829.31
2933307,2017,348718,18673.12
2933406,2017,9753,7079.46
2933455,2017,12935,9453.96
2933505,2017,22365,10793.38
2933604,2017,48365,7640.24
3100104,2017,7059,21944.75
3100203,2017,23611,18043.92
3100302,2017,13733,13538.48
3100401,2017,4065,9535.55
3100500,2017,9997,9702.81
3100609,2017,14370,8926.10
3100708,2017,2058,64247.81
3100807,2017,4440,13439.19
3100906,2017,19416,11699.32
3101003,2017,13576,16276.96
3101102,2017,25711,16878.22
3101201,2017,6209,14443.39
3101300,2017,2752,12890.26
3101409,2017,3046,27812.54
3101508,2017,35866,25724.73
3101607,2017,79707,33425.91
3101631,2017,6775,12423.03
3101706,2017,41794,11874.48
3101805,2017,7515,10478.78
3101904,2017,19846,17758.24
3102001,2017,14551,15027.63
3102050,2017,5791,12417.89
3102100,2017,11693,13861.46
3102209,2017,4199,9320.79
3102308,2017,15599,18015.77
3102407,2017,3673,11579.64
3102506,2017,4924,9347.28
3102605,2017,40706,21441.95
3102704,2017,9479,9263.95
3102803,2017,12507,17483.25
3102852,2017,8541,9096.24
3102902,2017,11608,12141.20
3103009,2017,9637,19665.87
3103108,2017,1664,13453.73
3103207,2017,2368,24551.94
3103306,2017,2111,10600.19
3103405,2017,37361,10511.82
3103504,2017,117445,34842.96
3103603,2017,2873,16588.24
3103702,2017,8544,10467.46
3103751,2017,6774,175626.96
3103801,2017,2883,39925.42
3103900,2017,8996,34479.21
3104007,2017,104283,49318.66
3104106,2017,10578,25316.41
3104205,2017,39811,30892.12
3104304,2017,14956,15108.72
3104403,2017,2859,11250.79
3104452,2017,5192,8463.98
3104502,2017,18243,11254.84
3104601,2017,14118,21252.44
3104700,2017,13762,9577.90
3104809,2017,5023,12852.08
3104908,2017,19315,13603.00
3105004,2017,8051,13367.16
3105103,2017,24018,21961.20
3105202,2017,4984,8907.10
3105301,2017,5739,11142.88
3105400,2017,31968,22757.41
3105509,2017,5648,8719.37
3105608,2017,136689,19635.79
3105707,2017,5624,12380.87
3105905,2017,20882,18451.49
3106002,2017,10416,20986.37
3106101,2017,3503,13812.45
3106200,2017,2523794,35252.90
3106309,2017,26158,78991.32
3106408,2017,7841,18674.02
3106507,2017,12360,7576.78
3106606,2017,4678,7944.21
3106655,2017,4720,8498.94
3106705,2017,427146,54061.05
3106804,2017,3613,8742.32
3106903,2017,14545,16976.28
3107000,2017,2619,15288.66
3107109,2017,40530,20550.83
3107208,2017,5185,10642.62
3107307,2017,50168,15894.18
3107406,2017,50042,24213.42
3107505,2017,6644,18242.17
3107604,2017,4203,29279.56
3107703,2017,6018,12582.42
3107802,2017,15459,9039.20
3107901,2017,10775,10979.21
3108008,2017,17907,17237.62
3108107,2017,7020,12250.14
3108206,2017,5764,34816.45
3108255,2017,10951,6762.03
3108305,2017,19055,16195.64
3108404,2017,15322,15301.27
3108503,2017,6540,7390.83
3108552,2017,16105,13590.19
3108602,2017,32732,9231.94
3108701,2017,4550,8065.27
3108800,2017,5003,18587.25
3108909,2017,14889,11162.00
3109006,2017,38863,51191.54
3109105,2017,11233,12480.64
3109204,2017,10594,10881.54
3109253,2017,4146,11157.74
3109303,2017,24689,28320.43
3109402,2017,28335,14794.04
3109451,2017,6940,26137.90
3109501,2017,14330,16067.90
3109600,2017,3710,10360.11
3109709,2017,11646,19963.42
3109808,2017,2691,27794.13
3109907,2017,11399,22171.77
3110004,2017,44377,13023.32
3110103,2017,5440,10906.99
3110202,2017,4108,16580.57
3110301,2017,14529,15718.15
3110400,2017,3064,13218.02
3110509,2017,22057,27466.38
3110608,2017,29165,46217.59
3110707,2017,13053,17200.87
3110806,2017,3757,10313.55
3110905,2017,16627,18279.91
3111002,2017,21440,16390.86
3111101,2017,20079,25328.50
3111150,2017,3863,8533.01
3111200,2017,54458,18067.15
3111309,2017,11878,14470.37
3111408,2017,7886,64080.27
3111507,2017,15387,21095.54
3111606,2017,29057,16426.51
3111705,2017,4699,14267.29
3111804,2017,12117,28612.53
3111903,2017,5735,10974.72
3112000,2017,15147,17209.02
3112059,2017,4517,9983.17
3112109,2017,5489,13071.05
3112208,2017,4805,10099.90
3112307,2017,37867,16001.72
3112406,2017,7152,16500.14
3112505,2017,9678,8902.25
3112604,2017,16250,23507.14
3112653,2017,5405,8138.76
3112703,2017,15237,16680.12
3112802,2017,8682,23954.50
3112901,2017,9431,7903.30
3113008,2017,23781,6404.86
3113107,2017,3299,9505.91
3113206,2017,25376,19648.09
3113305,2017,33559,15396.76
3113404,2017,91841,17519.63
3113503,2017,9544,13448.24
3113602,2017,6757,22026.79
3113701,2017,19750,16207.49
3113800,2017,2629,10581.97
3113909,2017,12350,18123.32
3114006,2017,11559,14653.60
3114105,2017,14822,12446.90
3114204,2017,22136,18901.65
3114303,2017,30861,23891.97
3114402,2017,21458,21009.37
3114501,2017,18995,19241.75
3114550,2017,10072,31624.31
3114600,2017,4110,19050.85
3114709,2017,3581,14184.86
3114808,2017,4617,12005.20
3114907,2017,2309,26157.64
3115003,2017,3071,16364.70
3115102,2017,18057,17589.47
3115201,2017,4050,11301.98
3115300,2017,75025,21062.01
3115359,2017,5316,114839.73
3115409,2017,3666,9742.77
3115458,2017,6612,9524.95
3115474,2017,5151,7667.64
3115508,2017,22208,14828.17
3115607,2017,1209,14455.75
3115706,2017,7112,10952.19
3115805,2017,10622,25534.74
3115904,2017,3101,11738.79
3116001,2017,5823,11762.32
3116100,2017,15675,6092.63
3116159,2017,12971,14073.47
3116209,2017,2789,10699.89
3116308,2017,6868,7008.30
3116407,2017,4847,25300.19
3116506,2017,7819,7941.42
3116605,2017,28287,23205.18
3116704,2017,7559,14274.24
3116803,2017,9146,9336.65
3116902,2017,3138,35427.34
3117009,2017,7599,7101.46
3117108,2017,10374,19600.54
3117207,2017,2858,13028.34
3117306,2017,26818,31444.03
3117405,2017,4644,10728.25
3117504,2017,18126,44766.25
3117603,2017,5515,48736.36
3117702,2017,13724,15115.05
3117801,2017,11467,16267.64
3117836,2017,7624,6670.78
3117876,2017,6608,160356.54
3117900,2017,11706,15779.43
3118007,2017,53843,30583.64
3118106,2017,5134,7588.62
3118205,2017,6960,62878.02
3118304,2017,127369,16694.31
3118403,2017,23240,12921.56
3118502,2017,1810,13512.71
3118601,2017,658580,44026.82
3118700,2017,9432,15760.81
3118809,2017,27052,7397.94
3118908,2017,9029,10271.79
3119005,2017,3587,16467.80
3119104,2017,24384,12992.70
3119203,2017,10339,8955.70
3119302,2017,28508,30989.72
3119401,2017,110326,14945.89
3119500,2017,9411,8519.07
3119609,2017,3125,13509.44
3119708,2017,3471,13582.54
3119807,2017,3359,31913.96
3119906,2017,3804,8711.09
3119955,2017,6295,29094.20
3120003,2017,2970,10825.25
3120102,2017,4444,9476.82
3120151,2017,6631,8334.94
3120201,2017,12564,15488.22
3120300,2017,6042,7182.72
3120409,2017,5225,14753.68
3120508,2017,10482,17330.57
3120607,2017,5057,10630.22
3120706,2017,4174,22257.07
3120805,2017,15497,14204.62
3120839,2017,4995,10281.08
3120870,2017,7623,7508.33
3120904,2017,79878,18537.47
3121001,2017,5471,8703.16
3121100,2017,8205,11594.27
3121209,2017,7186,22517.26
3121258,2017,9904,34962.24
3121308,2017,5047,14430.75
3121407,2017,7334,16193.07
3121506,2017,3015,11541.29
3121605,2017,48230,15048.10
3121704,2017,3913,7892.67
3121803,2017,8287,9212.74
3121902,2017,3455,12858.76
3122009,2017,20133,11209.90
3122108,2017,5086,9341.53
3122207,2017,7559,7723.11
3122306,2017,234937,25702.84
3122355,2017,6625,18694.79
3122405,2017,6068,15253.30
3122454,2017,10547,6532.95
3122470,2017,3818,13387.64
3122504,2017,5247,10390.32
3122603,2017,4602,9374.19
3122702,2017,5351,15457.86
3122801,2017,3072,9901.69
3122900,2017,6527,13024.97
3123007,2017,10093,26868.23
3123106,2017,5316,20766.93
3123205,2017,13923,15238.60
3123304,2017,4437,10279.02
3123403,2017,1533,40148.73
3123502,2017,1930,25761.66
3123528,2017,7884,10908.68
3123601,2017,27730,21528.02
3123700,2017,11098,9738.96
3123809,2017,7377,9565.00
3123858,2017,5443,9175.64
3123908,2017,15292,11812.71
3124005,2017,19015,14561.45
3124104,2017,69010,9796.88
3124203,2017,24805,15952.03
3124302,2017,32214,8513.38
3124401,2017,4712,15195.03
3124500,2017,11449,21042.01
3124609,2017,2448,12767.97
3124708,2017,3590,26588.58
3124807,2017,7981,47869.44
3124906,2017,11285,13629.77
3125002,2017,3952,10084.51
3125101,2017,34344,219184.75
3125200,2017,2426,16822.75
3125309,2017,3371,15858.20
3125408,2017,5012,8601.96
3125507,2017,3205,10117.63
3125606,2017,7431,7781.59
3125705,2017,15273,13721.14
3125804,2017,3369,11615.02
3125903,2017,10432,10605.64
3125952,2017,11039,9401.94
3126000,2017,7343,14990.47
3126109,2017,68423,23671.65
3126208,2017,9294,16615.99
3126307,2017,4407,15245.75
3126406,2017,2932,12360.16
3126505,2017,10557,6245.52
3126604,2017,5215,11265.96
3126703,2017,26428,11452.93
3126752,2017,5672,12567.88
3126802,2017,6024,8766.77
3126901,2017,9597,9699.49
3126950,2017,3510,9560.40
3127008,2017,17072,61970.83
3127057,2017,4733,7559.90
3127073,2017,5709,6779.30
3127107,2017,58770,31348.53
3127206,2017,4277,12081.83
3127305,2017,7034,11803.38
3127339,2017,5246,7443.58
3127354,2017,3160,8633.86
3127370,2017,3328,11030.65
3127388,2017,3952,14690.54
3127404,2017,4410,13464.40
3127503,2017,6223,7751.25
3127602,2017,12064,10710.13
3127701,2017,280901,20960.62
3127800,2017,15931,17936.60
3127909,2017,1418,19244.01
3128006,2017,34054,18138.16
3128105,2017,14460,16789.63
3128204,2017,10542,8154.34
3128253,2017,5001,7816.84
3128303,2017,19378,22272.16
3128402,2017,9047,13276.89
3128501,2017,3938,11808.79
3128600,2017,6736,50354.36
3128709,2017,52294,36610.07
3128808,2017,7300,13818.63
3128907,2017,7956,18047.64
3129004,2017,8714,10702.43
3129103,2017,5959,21864.57
3129202,2017,6561,13933.55
3129301,2017,10962,9167.49
3129400,2017,5150,12638.25
3129509,2017,25100,36590.32
3129608,2017,8400,7854.17
3129657,2017,6165,6870.88
3129707,2017,13575,46027.11
3129806,2017,177475,12229.45
3129905,2017,3536,13874.43
3130002,2017,3018,12085.16
3130051,2017,11835,6429.74
3130101,2017,41127,15757.39
3130200,2017,10547,32216.55
3130309,2017,8172,39389.87
3130408,2017,6460,51849.07
3130507,2017,12358,14851.92
3130556,2017,6899,8756.63
3130606,2017,7356,12928.49
3130655,2017,7524,7301.30
3130705,2017,6806,64368.20
3130804,2017,2785,20993.90
3130903,2017,24792,11719.06
3131000,2017,6240,15993.11
3131109,2017,7489,10643.34
3131158,2017,18375,8035.32
3131208,2017,19736,11656.52
3131307,2017,261203,37008.21
3131406,2017,4285,22753.09
3131505,2017,10125,13121.58
3131604,2017,6969,30613.00
3131703,2017,119285,43787.51
3131802,2017,11498,8517.39
3131901,2017,50816,77543.27
3132008,2017,5374,10803.50
3132107,2017,18443,10265.47
3132206,2017,13329,20115.76
3132305,2017,12725,6787.27
3132404,2017,97000,31035.08
3132503,2017,34661,11648.02
3132602,2017,4362,12954.84
3132701,2017,23637,10978.17
3132800,2017,2207,11674.67
3132909,2017,10501,16163.22
3133006,2017,15391,46971.80
3133105,2017,15290,27511.90
3133204,2017,12394,9153.54
3133303,2017,21559,11830.47
3133402,2017,15041,30248.12
3133501,2017,22158,20912.27
3133600,2017,9618,31491.27
3133709,2017,10979,87499.86
3133758,2017,16082,31670.25
3133808,2017,92696,32687.11
3133907,2017,5690,8494.90
3134004,2017,15147,8069.52
3134103,2017,6120,13289.71
3134202,2017,104526,27704.79
3134301,2017,6213,9905.84
3134400,2017,38484,44849.37
3134509,2017,3926,21281.20
3134608,2017,19545,10503.81
3134707,2017,12561,8117.67
3134806,2017,7809,14046.48
3134905,2017,25453,24900.33
3135001,2017,3158,20569.35
3135050,2017,37939,14635.44
3135076,2017,5414,10066.86
3135100,2017,71653,15307.47
3135209,2017,68584,9861.02
3135308,2017,4308,15881.15
3135357,2017,8683,6639.87
3135407,2017,5209,147919.95
3135456,2017,7672,9092.81
3135506,2017,12859,11312.93
3135605,2017,7890,9967.93
3135704,2017,5319,16770.45
3135803,2017,25560,8806.65
3135902,2017,4898,13148.43
3136009,2017,15634,8431.56
3136108,2017,4996,15441.15
3136207,2017,79590,32551.28
3136306,2017,48751,29989.83
3136405,2017,4669,8648.10
3136504,2017,10901,7523.62
3136520,2017,4631,9715.18
3136553,2017,4894,11157.74
3136579,2017,4877,7427.31
3136603,2017,5804,14156.44
3136652,2017,25874,46468.15
3136702,2017,563769,28362.70
3136801,2017,4358,8433.91
3136900,2017,10341,15923.90
3136959,2017,5860,8557.34
3137007,2017,18152,6234.13
3137106,2017,7795,33690.19
3137205,2017,51204,31867.78
3137304,2017,4248,10517.42
3137403,2017,13056,15476.03
3137502,2017,18175,18366.66
3137536,2017,9440,24127.65
3137601,2017,61752,26901.01
3137700,2017,20301,15431.90
3137809,2017,20870,15980.98
3137908,2017,3498,11496.86
3138005,2017,6852,11049.62
3138104,2017,6664,16800.72
3138203,2017,102124,24345.95
3138302,2017,3300,11671.82
3138351,2017,4998,10113.25
3138401,2017,53354,19472.86
3138500,2017,5296,15464.50
3138609,2017,16910,14835.07
3138625,2017,7487,45755.04
3138658,2017,9044,7201.24
3138674,2017,6409,12789.36
3138682,2017,6756,7185.17
3138708,2017,5572,18341.89
3138807,2017,18400,26471.20
3138906,2017,7237,10297.22
3139003,2017,41920,22954.68
3139102,2017,5153,30401.90
3139201,2017,19157,9473.82
3139250,2017,6624,7245.32
3139300,2017,19372,9694.40
3139409,2017,88580,26943.60
3139508,2017,22784,19671.79
3139607,2017,28132,13396.42
3139706,2017,7876,14631.03
3139805,2017,12743,13375.89
3139904,2017,14488,10881.63
3140001,2017,59857,48433.92
3140100,2017,4254,9886.46
3140159,2017,14988,10335.67
3140209,2017,2979,19349.78
3140308,2017,4129,9565.27
3140407,2017,2900,10673.10
3140506,2017,13436,23877.57
3140530,2017,8172,16630.20
3140555,2017,8539,7333.29
3140605,2017,4619,9553.37
3140704,2017,30678,22574.32
3140803,2017,14449,34980.41
3140852,2017,10999,12024.91
3140902,2017,18914,12743.15
3141009,2017,12849,9335.05
3141108,2017,37344,26876.42
3141207,2017,3846,16380.92
3141306,2017,3765,32005.05
3141405,2017,21409,10066.51
3141504,2017,6564,8547.53
3141603,2017,10868,10672.71
3141702,2017,5911,7693.45
3141801,2017,32009,7857.10
3141900,2017,3970,17787.15
3142007,2017,13726,8946.16
3142106,2017,10837,12004.15
3142205,2017,14946,16232.17
3142254,2017,4885,7542.89
3142304,2017,4957,11904.98
3142403,2017,7525,14211.16
3142502,2017,2327,17743.45
3142601,2017,8711,22445.99
3142700,2017,15603,8089.02
3142809,2017,21095,26129.08
3142908,2017,21783,8752.61
3143005,2017,13453,21032.93
3143104,2017,48248,22627.40
3143153,2017,4936,6500.61
3143203,2017,21949,16284.20
3143302,2017,402027,22306.45
3143401,2017,23444,17620.76
3143450,2017,8168,7378.67
3143500,2017,8860,30740.52
3143609,2017,2595,18213.49
3143708,2017,3339,9755.62
3143807,2017,6261,14060.37
3143906,2017,108537,19352.82
3144003,2017,27528,13596.70
3144102,2017,21026,19741.56
3144201,2017,3274,8248.63
3144300,2017,41787,15411.99
3144359,2017,6930,9901.15
3144375,2017,3382,12962.45
3144409,2017,4820,14091.49
3144508,2017,8583,24326.34
3144607,2017,27053,16423.28
3144656,2017,10375,7321.25
3144672,2017,3465,10867.24
3144706,2017,17994,17872.57
3144805,2017,92178,98907.99
3144904,2017,3757,11321.00
3145000,2017,14934,51759.27
3145059,2017,7648,13669.19
3145109,2017,16645,17818.98
3145208,2017,94681,27492.98
3145307,2017,31884,7327.72
3145356,2017,10869,7539.24
3145372,2017,5308,9561.79
3145406,2017,1873,12618.79
3145455,2017,5943,20331.31
3145505,2017,2763,13242.49
3145604,2017,41907,20238.77
3145703,2017,2182,13816.22
3145802,2017,3192,15385.34
3145851,2017,4710,11322.08
3145877,2017,7949,10136.50
3145901,2017,38935,86310.95
3146008,2017,33716,19511.57
3146107,2017,74659,62245.06
3146206,2017,6110,7567.92
3146255,2017,6338,7938.31
3146305,2017,20177,8372.75
3146404,2017,4650,12850.75
3146503,2017,8391,37086.16
3146552,2017,6184,7025.39
3146602,2017,1577,14055.17
3146701,2017,6753,10209.39
3146750,2017,6161,7647.46
3146909,2017,15516,16126.64
3147006,2017,92386,37987.40
3147105,2017,92739,29606.39
3147204,2017,21583,22314.65
3147303,2017,20983,27556.45
3147402,2017,24427,23147.26
3147501,2017,1732,11443.42
3147600,2017,16470,22844.02
3147709,2017,8324,22557.54
3147808,2017,2104,15278.04
3147907,2017,114458,20859.67
3147956,2017,5976,7449.30
3148004,2017,150893,29019.96
3148103,2017,89983,30426.01
3148202,2017,5680,13091.73
3148301,2017,9698,9823.98
3148400,2017,4982,8824.57
3148509,2017,8709,7982.89
3148608,2017,17871,10025.96
3148707,2017,24748,11032.89
3148756,2017,7117,8758.33
3148806,2017,3270,14890.52
3148905,2017,4034,19679.72
3149002,2017,2452,14256.93
3149101,2017,11570,11218.06
3149150,2017,11396,7418.22
3149200,2017,3672,29010.89
3149309,2017,63837,22518.45
3149408,2017,1843,11599.02
3149507,2017,3347,12812.97
3149606,2017,4395,13735.15
3149705,2017,10846,19733.82
3149804,2017,15925,37699.15
3149903,2017,21444,22310.81
3149952,2017,7060,10284.70
3150000,2017,4311,8961.03
3150109,2017,2850,16321.40
3150158,2017,8247,10765.01
3150208,2017,4213,11866.60
3150307,2017,4684,15750.64
3150406,2017,4981,12476.01
3150505,2017,8720,20376.38
3150539,2017,4873,7943.98
3150570,2017,7585,7482.79
3150604,2017,6566,16031.37
3150703,2017,5790,53328.50
3150802,2017,17918,8918.69
3150901,2017,5514,9718.35
3151008,2017,8597,11853.79
3151107,2017,10876,54151.99
3151206,2017,56706,32400.22
3151305,2017,11080,14807.67
3151404,2017,27706,18404.71
3151503,2017,34525,25100.36
3151602,2017,11796,41388.44
3151701,2017,16903,15334.14
3151800,2017,166085,38334.74
3151909,2017,8841,11529.46
3152006,2017,31612,23149.53
3152105,2017,60361,27332.93
3152131,2017,4259,8977.22
3152170,2017,12138,6716.26
3152204,2017,38741,8664.33
3152303,2017,11245,8053.00
3152402,2017,16641,8268.85
3152501,2017,147137,50230.81
3152600,2017,6185,35698.14
3152709,2017,9021,16859.55
3152808,2017,27796,33410.63
3152907,2017,8890,15520.92
3153004,2017,3569,26381.34
3153103,2017,5562,8440.31
3153202,2017,3827,11105.04
3153301,2017,3061,9035.94
3153400,2017,19599,23097.71
3153509,2017,8522,14108.43
3153608,2017,10577,13668.24
3153707,2017,3557,14233.06
3153806,2017,1958,14887.13
3153905,2017,16390,18189.69
3154002,2017,24368,12035.05
3154101,2017,10697,9201.74
3154150,2017,7117,13011.10
3154200,2017,11569,13387.59
3154309,2017,17715,12526.84
3154408,2017,4861,35320.72
3154457,2017,8290,10938.60
3154507,2017,9672,21287.63
3154606,2017,328871,11726.77
3154705,2017,4058,21126.91
3154804,2017,10123,13005.53
3154903,2017,14130,13231.42
3155009,2017,2623,13716.74
3155108,2017,5302,7516.97
3155207,2017,5825,8010.13
3155306,2017,5774,14028.40
3155405,2017,9084,12221.71
3155504,2017,12462,40045.90
3155603,2017,31016,8382.19
3155702,2017,14624,34953.98
3155801,2017,18061,16640.00
3155900,2017,5544,9942.64
3156007,2017,13453,8383.26
3156106,2017,4834,14298.30
3156205,2017,2293,11264.72
3156304,2017,7857,52162.78
3156403,2017,3644,37327.39
3156452,2017,4580,10426.42
3156502,2017,6789,8330.83
3156601,2017,10377,8223.67
3156700,2017,135968,18569.80
3156809,2017,15936,11434.68
3156908,2017,25998,58906.11
3157005,2017,41678,13287.27
3157104,2017,7127,13702.82
3157203,2017,30690,24968.75
3157252,2017,8180,9699.88
3157278,2017,3096,12513.89
3157302,2017,4590,12202.40
3157336,2017,8547,10350.42
3157377,2017,4337,8659.44
3157401,2017,4960,9823.59
3157500,2017,4587,8712.88
3157609,2017,3985,9503.89
3157658,2017,6410,6931.20
3157708,2017,13380,47849.33
3157807,2017,218897,17291.46
3157906,2017,16173,16815.56
3158003,2017,11007,15030.25
3158102,2017,5381,7454.56
3158201,2017,14896,8954.55
3158300,2017,7322,18608.58
3158409,2017,3876,10003.35
3158508,2017,7965,10461.90
3158607,2017,4032,9753.22
3158706,2017,2436,11760.67
3158805,2017,4861,15637.32
3158904,2017,8853,12404.95
3158953,2017,32828,14935.51
3159001,2017,4301,14242.04
3159100,2017,3887,8412.66
3159209,2017,9198,15925.09
3159308,2017,5043,10933.57
3159357,2017,7149,10861.94
3159407,2017,3566,15925.13
3159506,2017,5699,22111.42
3159605,2017,42324,36815.35
3159704,2017,3386,16498.23
3159803,2017,19646,36718.57
3159902,2017,18553,13459.55
3160009,2017,3668,12158.67
3160108,2017,4071,17405.06
3160207,2017,4040,8574.50
3160306,2017,11977,7441.68
3160405,2017,28115,18817.14
3160454,2017,7339,6632.78
3160504,2017,1813,12245.45
3160603,2017,3218,10458.05
3160702,2017,47561,19051.81
3160801,2017,5159,11799.19
3160900,2017,3747,13672.27
3160959,2017,5697,11696.33
3161007,2017,17787,13560.69
3161056,2017,3458,10390.11
3161106,2017,56805,8714.25
3161205,2017,6673,14420.50
3161304,2017,6224,23209.83
3161403,2017,5085,10495.97
3161502,2017,11905,17191.01
3161601,2017,4214,8567.87
3161650,2017,3920,9447.70
3161700,2017,6898,30601.19
3161809,2017,11985,19414.35
3161908,2017,10773,290130.98
3162005,2017,25517,23989.11
3162104,2017,35016,21636.37
3162203,2017,7431,18972.01
3162252,2017,4942,8543.30
3162302,2017,2811,15014.94
3162401,2017,25856,7579.71
3162450,2017,12862,6087.00
3162500,2017,90263,22528.28
3162559,2017,11367,13066.42
3162575,2017,5759,9401.46
3162609,2017,7819,10190.43
3162658,2017,4396,7728.39
3162708,2017,23729,8435.29
3162807,2017,16083,10511.35
3162906,2017,26538,15592.89
3162922,2017,30160,19987.10
3162948,2017,7374,92902.90
3162955,2017,22910,21427.15
3163003,2017,4303,8927.49
3163102,2017,4834,17214.73
3163201,2017,4228,10113.06
3163300,2017,3946,9289.15
3163409,2017,5633,9599.50
3163508,2017,6650,9758.95
3163607,2017,2787,11279.15
3163706,2017,45457,21494.05
3163805,2017,7045,10982.68
3163904,2017,4911,19966.40
3164001,2017,8181,13457.28
3164100,2017,5494,10545.69
3164209,2017,11892,11982.59
3164308,2017,7092,27354.20
3164407,2017,5438,62489.70
3164431,2017,3006,15353.29
3164472,2017,6419,10618.79
3164506,2017,10511,6959.76
3164605,2017,6589,45806.19
3164704,2017,70533,27473.68
3164803,2017,1582,11862.83
3164902,2017,2249,12077.37
3165008,2017,11073,14582.41
3165107,2017,7222,19161.04
3165206,2017,7106,12605.83
3165305,2017,7672,21246.35
3165404,2017,6850,14188.03
3165503,2017,6198,9503.23
3165537,2017,31037,28842.48
3165552,2017,12060,7192.79
3165560,2017,2776,10777.02
3165578,2017,5439,10288.29
3165602,2017,2049,13079.06
3165701,2017,7792,9264.76
3165800,2017,1672,13561.00
3165909,2017,4410,20880.73
3166006,2017,5892,11588.42
3166105,2017,3602,10407.27
3166204,2017,10622,7461.31
3166303,2017,7434,9538.07
3166402,2017,1874,17652.08
3166501,2017,4372,7279.28
3166600,2017,812,23497.54
3166709,2017,8809,9494.15
3166808,2017,11491,30024.45
3166907,2017,7812,15952.25
3166956,2017,4769,7317.68
3167004,2017,2023,13737.02
3167103,2017,21435,10477.49
3167202,2017,236228,34989.36
3167301,2017,2292,11794.50
3167400,2017,6314,19175.48
3167509,2017,2651,27420.22
3167608,2017,19633,9696.23
3167707,2017,5791,8751.51
3167806,2017,6131,9459.96
3167905,2017,3963,12487.00
3168002,2017,33824,12999.85
3168051,2017,3196,11442.43
3168101,2017,4650,146531.61
3168200,2017,1921,17461.74
3168309,2017,4075,11591.90
3168408,2017,14667,9383.10
3168507,2017,11836,11065.90
3168606,2017,141934,16670.68
3168705,2017,88931,32363.18
3168804,2017,7807,19824.26
3168903,2017,6795,28049.45
3169000,2017,16766,16784.86
3169059,2017,4147,12003.86
3169109,2017,6232,14244.38
3169208,2017,8772,10383.61
3169307,2017,78999,28050.87
3169356,2017,31687,52652.35
3169406,2017,57097,21974.66
3169505,2017,6739,8062.32
3169604,2017,25538,26976.82
3169703,2017,19762,15651.35
3169802,2017,5025,22509.05
3169901,2017,113300,25260.43
3170008,2017,12531,7445.61
3170057,2017,12622,9718.90
3170107,2017,328272,40067.38
3170206,2017,676613,50562.60
3170305,2017,2709,11313.40
3170404,2017,83980,31828.36
3170438,2017,4452,29530.32
3170479,2017,3338,15065.61
3170503,2017,10589,16666.64
3170529,2017,16095,8041.19
3170578,2017,6632,8722.26
3170602,2017,2209,18997.74
3170651,2017,5032,8897.06
3170701,2017,134364,40505.60
3170750,2017,6947,26121.49
3170800,2017,39128,17345.53
3170909,2017,19723,7637.23
3171006,2017,20784,31022.13
3171030,2017,9220,9183.62
3171071,2017,5798,14915.83
3171105,2017,3911,32711.84
3171154,2017,4905,9158.21
3171204,2017,122365,21203.38
3171303,2017,78381,19873.63
3171402,2017,3741,10073.24
3171501,2017,3342,9629.26
3171600,2017,14043,7963.33
3171709,2017,8870,11981.51
3171808,2017,10793,12967.57
3171907,2017,5613,8943.17
3172004,2017,41932,26971.31
3172103,2017,5315,11865.66
3172202,2017,2615,9958.32
3200102,2017,32361,13601.31
3200136,2017,10085,19007.83
3200169,2017,11893,11551.50
3200201,2017,32146,15070.77
3200300,2017,15082,22548.20
3200359,2017,8022,11487.04
3200409,2017,28546,28192.85
3200508,2017,7932,12053.33
3200607,2017,98393,52871.71
3200706,2017,11804,22396.65
3200805,2017,31794,19399.32
3200904,2017,45283,17307.29
3201001,2017,15460,16552.39
3201100,2017,10254,13943.53
3201159,2017,12838,16323.88
3201209,2017,211649,22478.20
3201308,2017,387368,20659.68
3201407,2017,38304,22550.75
3201506,2017,124525,26766.38
3201605,2017,31574,13445.46
3201704,2017,12944,15314.51
3201803,2017,4612,14580.23
3201902,2017,34757,20319.79
3202009,2017,6949,18320.91
3202108,2017,24217,12543.34
3202207,2017,20757,20325.29
3202256,2017,12600,14211.90
3202306,2017,31201,16841.03
3202405,2017,123166,17545.95
3202454,2017,25882,12296.31
3202504,2017,12581,19286.15
3202553,2017,9373,15617.20
3202603,2017,14016,23687.43
3202652,2017,13380,14469.51
3202702,2017,14815,16979.75
3202801,2017,34628,90405.08
3202900,2017,11231,18793.79
3203007,2017,29896,13771.74
3203056,2017,29642,15531.10
3203106,2017,12036,11731.14
3203130,2017,17168,20515.90
3203163,2017,11457,11742.08
3203205,2017,169048,32425.35
3203304,2017,15419,10842.08
3203320,2017,38670,41683.76
3203346,2017,16545,25187.37
3203353,2017,12602,20270.67
3203403,2017,27388,16940.01
3203502,2017,19391,17698.62
3203601,2017,5861,12317.35
3203700,2017,18745,14791.46
3203809,2017,15806,12347.40
3203908,2017,50991,18250.16
3204005,2017,23697,10034.01
3204054,2017,26537,10830.27
3204104,2017,27130,17107.00
3204203,2017,21336,22148.11
3204252,2017,7901,10284.77
3204302,2017,11742,292789.47
3204351,2017,19457,19549.52
3204401,2017,12095,14785.04
3204500,2017,12889,15339.05
3204559,2017,39928,34266.35
3204609,2017,24025,19415.48
3204658,2017,8818,26064.53
3204708,2017,37375,15228.95
3204807,2017,11036,14880.12
3204906,2017,128449,16441.49
3204955,2017,12579,17310.68
3205002,2017,502618,36996.76
3205010,2017,29038,19309.35
3205036,2017,21584,17476.60
3205069,2017,24575,23540.26
3205101,2017,76776,27899.85
3205150,2017,9459,14479.97
3205176,2017,14697,17496.90
3205200,2017,486388,22532.45
3205309,2017,363140,55769.35
3300100,2017,194619,51928.61
3300159,2017,11292,15205.19
3300209,2017,126742,19844.43
3300225,2017,12143,26824.18
3300233,2017,32260,53115.28
3300258,2017,29304,24719.77
3300308,2017,97460,20673.95
3300407,2017,179451,27220.99
3300456,2017,495783,16517.41
3300506,2017,26566,24632.50
3300605,2017,36068,20186.68
3300704,2017,216030,39812.16
3300803,2017,57048,16934.07
3300902,2017,15124,21000.60
3300936,2017,15568,23657.44
3300951,2017,8336,43351.13
3301009,2017,490288,43057.33
3301108,2017,19697,34603.75
3301157,2017,12519,25562.74
3301207,2017,18264,22830.71
3301306,2017,41999,32647.47
3301405,2017,22461,14319.98
3301504,2017,21250,21816.33
3301603,2017,11169,17403.89
3301702,2017,890997,45908.97
3301801,2017,13576,18287.27
3301850,2017,57921,15902.78
3301876,2017,26936,17160.60
3301900,2017,232394,18015.55
3302007,2017,122369,61852.31
3302056,2017,14723,22246.01
3302106,2017,22694,22175.20
3302205,2017,99997,27060.41
3302254,2017,30703,142118.13
3302270,2017,101237,15959.15
3302304,2017,7217,18558.27
3302403,2017,244139,62990.43
3302452,2017,5434,29612.62
3302502,2017,237420,16244.14
3302601,2017,42415,84911.21
3302700,2017,153008,74873.54
3302809,2017,18123,16525.91
3302858,2017,171280,13506.54
3302908,2017,24871,26297.33
3303005,2017,26551,18459.30
3303104,2017,14960,16460.96
3303203,2017,158329,16700.86
3303302,2017,499028,55086.24
3303401,2017,185381,27055.46
3303500,2017,798647,21081.80
3303609,2017,50447,17704.13
3303708,2017,42922,21696.71
3303807,2017,41454,38398.10
3303856,2017,26991,19818.01
3303906,2017,298235,42979.33
3303955,2017,24282,16853.92
3304003,2017,28222,65847.92
3304102,2017,18248,18308.97
3304110,2017,18829,151836.10
3304128,2017,13785,18533.48
3304144,2017,145386,25483.78
3304151,2017,23535,61425.11
3304201,2017,126923,60947.05
3304300,2017,58272,27472.65
3304409,2017,17988,19958.92
3304508,2017,8984,27141.36
3304524,2017,141117,39701.73
3304557,2017,6520266,51788.57
3304607,2017,10172,17055.05
3304706,2017,41312,25411.02
3304755,2017,41191,22815.59
3304805,2017,37689,17773.41
3304904,2017,1049826,16411.19
3305000,2017,35174,133432.08
3305109,2017,460461,19971.42
3305133,2017,6953,22984.61
3305158,2017,21114,21408.31
3305208,2017,99906,21612.23
3305307,2017,9094,19918.41
3305406,2017,17765,40010.70
3305505,2017,85175,24578.08
3305554,2017,84416,49902.66
3305604,2017,21253,21114.57
3305703,2017,15191,23815.55
3305752,2017,32970,15630.33
3305802,2017,176060,28912.72
3305901,2017,10352,17408.62
3306008,2017,79402,46807.75
3306107,2017,74237,29635.79
3306156,2017,10597,17277.06
3306206,2017,35768,25676.19
3306305,2017,265201,42651.11
3500105,2017,35139,29620.19
3500204,2017,3609,27962.04
3500303,2017,35508,26911.63
3500402,2017,8104,19076.01
3500501,2017,18509,25703.44
3500550,2017,6009,25043.43
3500600,2017,3268,40639.23
3500709,2017,36880,55505.72
3500758,2017,5754,17874.52
3500808,2017,4135,19555.02
3500907,2017,4109,51648.33
3501004,2017,16219,32367.10
3501103,2017,4154,26774.19
3501152,2017,18324,101476.21
3501202,2017,3795,27845.85
3501301,2017,24813,21067.75
3501400,2017,5119,9938.66
3501509,2017,3196,20167.40
3501608,2017,233868,46967.53
3501707,2017,39189,25038.30
3501806,2017,5967,17463.05
3501905,2017,71193,59073.91
3502002,2017,4845,33109.60
3502101,2017,57350,34459.42
3502200,2017,24634,40083.87
3502309,2017,6484,24086.37
3502408,2017,4053,20979.77
3502507,2017,36279,28878.75
3502606,2017,4329,31036.50
3502705,2017,24945,26110.44
3502754,2017,21038,135115.70
3502804,2017,194874,35755.61
3502903,2017,32495,20166.52
3503000,2017,5552,27053.67
3503109,2017,6368,19387.09
3503158,2017,2509,11895.58
3503208,2017,230770,40255.26
3503307,2017,131282,40995.70
3503356,2017,1856,25977.91
3503406,2017,8452,25199.83
3503505,2017,3879,11244.39
3503604,2017,11107,12317.37
3503703,2017,9451,81477.52
3503802,2017,51986,21157.85
3503901,2017,86430,62660.90
3503950,2017,1842,18143.87
3504008,2017,102924,32290.03
3504107,2017,139683,46293.88
3504206,2017,15085,19555.39
3504305,2017,5337,49850.48
3504404,2017,13112,29142.77
3504503,2017,89479,29498.27
3504602,2017,16843,20198.06
3504701,2017,5188,10689.28
3504800,2017,8908,24355.75
3504909,2017,10867,18578.63
3505005,2017,3406,12819.14
3505104,2017,7251,12250.31
3505203,2017,34602,32677.24
3505302,2017,36331,35932.34
3505351,2017,5653,14556.34
3505401,2017,7781,11105.13
3505500,2017,120638,38795.70
3505609,2017,31921,14659.97
3505708,2017,267534,178451.52
3505807,2017,21073,50570.07
3505906,2017,61480,24944.53
3506003,2017,371690,37315.45
3506102,2017,77761,41416.43
3506201,2017,2925,63633.50
3506300,2017,11180,20480.50
3506359,2017,59297,27066.92
3506409,2017,7837,23321.17
3506508,2017,120692,26403.32
3506607,2017,31793,22264.87
3506706,2017,14727,25027.91
3506805,2017,12040,18710.38
3506904,2017,11236,15046.01
3507001,2017,57910,46263.46
3507100,2017,24023,34448.57
3507159,2017,3888,13829.48
3507209,2017,839,97139.45
3507308,2017,4717,78896.12
3507407,2017,15791,25703.38
3507456,2017,2577,24147.07
3507506,2017,142546,30028.57
3507605,2017,164163,34336.07
3507704,2017,5557,16933.96
3507753,2017,2812,61128.73
3507803,2017,24092,26939.11
3507902,2017,23858,32182.71
3508009,2017,19737,18661.85
3508108,2017,16841,36879.82
3508207,2017,4408,42214.61
3508306,2017,4352,19115.58
3508405,2017,47877,93918.65
3508504,2017,92587,45195.30
3508603,2017,32773,18064.29
3508702,2017,19025,18071.70
3508801,2017,17645,27153.81
3508900,2017,4211,14191.40
3509007,2017,98223,33788.59
3509106,2017,5695,13687.27
3509205,2017,73921,200311.36
3509254,2017,28870,50735.40
3509304,2017,10444,14666.89
3509403,2017,25655,22740.09
3509452,2017,5963,18428.98
3509502,2017,1182429,49448.67
3509601,2017,82520,22426.08
3509700,2017,51454,23243.15
3509809,2017,4900,25912.86
3509908,2017,12609,20581.65
3509957,2017,4975,26120.20
3510005,2017,31263,32183.19
3510104,2017,2792,41244.27
3510153,2017,5025,34202.99
3510203,2017,47463,17687.29
3510302,2017,20005,14137.92
3510401,2017,54298,35315.00
3510500,2017,116786,25093.24
3510609,2017,396587,13910.96
3510708,2017,12328,21051.02
3510807,2017,30144,27168.86
3510906,2017,2591,54175.99
3511003,2017,20362,54108.14
3511102,2017,120691,32719.36
3511201,2017,7700,15364.55
3511300,2017,8971,36426.37
3511409,2017,19495,38369.58
3511508,2017,46733,38101.62
3511607,2017,17587,23715.36
3511706,2017,16772,21394.11
3511904,2017,8254,32137.51
3512001,2017,18376,51880.12
3512100,2017,6225,60848.03
3512209,2017,27554,23756.37
3512308,2017,17638,18778.89
3512407,2017,23793,110418.99
3512506,2017,5885,27825.15
3512605,2017,4840,16726.65
3512704,2017,4054,50890.97
3512803,2017,69086,22376.23
3512902,2017,7374,36444.94
3513009,2017,237750,49020.02
3513108,2017,34651,30032.35
3513207,2017,8424,23649.22
3513306,2017,2161,42858.40
3513405,2017,81724,25886.62
3513504,2017,128748,90717.64
3513603,2017,21929,11160.88
3513702,2017,33346,48631.71
3513801,2017,417869,32821.79
3513850,2017,1785,36662.75
3513900,2017,11384,26283.20
3514007,2017,8744,13810.04
3514106,2017,26891,25814.99
3514205,2017,2136,21102.53
3514304,2017,8909,69827.03
3514403,2017,46324,25354.33
3514502,2017,12549,20155.47
3514601,2017,9468,25532.32
3514700,2017,6247,21080.20
3514809,2017,15436,23459.83
3514908,2017,17393,39047.15
3514924,2017,3537,19385.35
3514957,2017,2476,22222.54
3515004,2017,267054,44079.79
3515103,2017,68270,15024.43
3515129,2017,3197,19564.28
3515152,2017,19497,30360.47
3515186,2017,44170,30089.31
3515194,2017,4713,15640.14
3515202,2017,8466,102566.74
3515301,2017,2769,23453.23
3515350,2017,9559,11812.11
3515400,2017,16028,23770.34
3515509,2017,68670,27853.12
3515608,2017,5782,34650.81
3515657,2017,1691,28591.37
3515707,2017,188868,15665.18
3515806,2017,1571,25108.85
3515905,2017,2982,20277.33
3516002,2017,14282,13732.60
3516101,2017,2758,43063.09
3516200,2017,347237,26922.57
3516309,2017,171602,8523.11
3516408,2017,149502,19565.93
3516507,2017,2791,25267.65
3516606,2017,6776,20448.64
3516705,2017,44582,24664.78
3516804,2017,4683,14819.13
3516853,2017,4739,179194.34
3516903,2017,10951,23788.42
3517000,2017,11362,17165.38
3517109,2017,4800,20122.50
3517208,2017,11869,16052.24
3517307,2017,5737,12927.49
3517406,2017,40287,81228.86
3517505,2017,20637,26945.92
3517604,2017,17640,17959.52
3517703,2017,21081,20439.64
3517802,2017,8466,27181.43
3517901,2017,10964,35356.62
3518008,2017,2017,17301.93
3518107,2017,6672,25659.62
3518206,2017,32654,33895.11
3518305,2017,28978,48405.55
3518404,2017,120417,42102.59
3518503,2017,17551,13634.04
3518602,2017,39216,22060.43
3518701,2017,315563,26646.69
3518800,2017,1349113,41236.53
3518859,2017,7546,28985.42
3518909,2017,5179,12497.20
3519006,2017,9397,37145.90
3519055,2017,14012,66963.39
3519071,2017,222186,55860.04
3519105,2017,11343,46408.97
3519204,2017,6434,32034.82
3519253,2017,8484,16408.42
3519303,2017,34226,27144.04
3519402,2017,12096,20631.78
3519501,2017,7540,24305.04
3519600,2017,58715,25529.10
3519709,2017,77566,21056.21
3519808,2017,8112,22398.30
3519907,2017,8103,30421.08
3520004,2017,24596,12163.12
3520103,2017,30073,36178.30
3520202,2017,9443,22605.53
3520301,2017,30644,26430.33
3520400,2017,33354,184894.74
3520426,2017,10656,65086.24
3520442,2017,26540,23636.28
3520509,2017,239602,58533.89
3520608,2017,4931,12515.72
3520707,2017,3951,23858.26
3520806,2017,3933,35689.55
3520905,2017,14766,25990.38
3521002,2017,34913,16901.27
3521101,2017,7177,114458.13
3521150,2017,5178,21252.22
3521200,2017,4299,12044.43
3521309,2017,15932,25078.27
3521408,2017,23264,80044.53
3521507,2017,7878,18710.21
3521606,2017,8248,10461.20
3521705,2017,17879,30067.23
3521804,2017,26526,21893.92
3521903,2017,15246,85448.97
3522000,2017,3703,29644.61
3522109,2017,98629,18751.80
3522158,2017,3341,11923.08
3522208,2017,170927,18925.51
3522307,2017,160070,27051.73
3522406,2017,93570,25447.42
3522505,2017,229502,49035.42
3522604,2017,73844,46903.49
3522653,2017,4186,9367.18
3522703,2017,42747,31900.65
3522802,2017,15165,20010.68
3522901,2017,13618,47795.42
3523008,2017,4802,21961.89
3523107,2017,360657,19391.33
3523206,2017,50379,17561.46
3523305,2017,17062,15778.46
3523404,2017,116503,47266.78
3523503,2017,20158,16179.53
3523602,2017,17589,21848.43
3523701,2017,6405,12508.98
3523800,2017,7853,15766.33
3523909,2017,170157,43423.38
3524006,2017,57031,103689.84
3524105,2017,41414,37618.17
3524204,2017,6917,21003.61
3524303,2017,76563,35833.20
3524402,2017,229851,49026.44
3524501,2017,6728,56831.90
3524600,2017,17900,33496.59
3524709,2017,54204,208152.96
3524808,2017,49110,27968.58
3524907,2017,6305,34442.51
3525003,2017,121492,33650.79
3525102,2017,42904,25867.47
3525201,2017,28540,78938.96
3525300,2017,146338,31317.14
3525409,2017,3202,25595.88
3525508,2017,12947,15703.72
3525607,2017,4468,41094.00
3525706,2017,36198,38140.95
3525805,2017,4733,10900.49
3525854,2017,3237,33441.77
3525904,2017,409497,100329.05
3526001,2017,20353,28805.53
3526100,2017,19192,18726.24
3526209,2017,31027,15663.26
3526308,2017,4943,11388.02
3526407,2017,27890,35525.42
3526506,2017,11156,13234.94
3526605,2017,7150,14061.82
3526704,2017,101184,29314.58
3526803,2017,67185,38544.90
3526902,2017,300911,40231.87
3527009,2017,7695,22535.93
3527108,2017,77021,43282.09
3527207,2017,87980,29495.71
3527256,2017,2270,17228.19
3527306,2017,45922,288089.15
3527405,2017,21461,19794.18
3527504,2017,2381,21124.32
3527603,2017,14021,99812.92
3527702,2017,5633,12427.66
3527801,2017,4573,15963.26
3527900,2017,2705,34804.44
3528007,2017,17111,34961.14
3528106,2017,8086,19398.71
3528205,2017,3736,20456.64
3528304,2017,3185,33264.05
3528403,2017,46567,36605.82
3528502,2017,95601,18565.99
3528601,2017,9714,21081.74
3528700,2017,5611,21619.50
3528809,2017,13981,30469.92
3528858,2017,2949,55584.94
3528908,2017,4087,14976.02
3529005,2017,235234,32907.96
3529104,2017,2140,16527.57
3529203,2017,26123,19332.81
3529302,2017,82307,49125.77
3529401,2017,462005,35747.88
3529500,2017,5302,50014.90
3529609,2017,3892,66631.81
3529658,2017,1926,29942.37
3529708,2017,21973,51043.51
3529807,2017,12812,14277.55
3529906,2017,20288,21134.46
3530003,2017,3045,22154.68
3530102,2017,29315,20729.29
3530201,2017,18130,21423.28
3530300,2017,58760,29578.68
3530409,2017,4758,24355.61
3530508,2017,68994,31978.59
3530607,2017,433901,33905.39
3530706,2017,149396,37501.10
3530805,2017,92365,47808.40
3530904,2017,3470,26702.02
3531001,2017,2249,35166.30
3531100,2017,54257,18675.32
3531209,2017,7871,21017.66
3531308,2017,49979,35724.64
3531407,2017,24393,31088.80
3531506,2017,19234,30394.35
3531605,2017,4190,24761.34
3531704,2017,4549,13839.53
3531803,2017,57240,51920.55
3531902,2017,32220,43984.98
3532009,2017,13232,33793.30
3532058,2017,4676,18336.61
3532108,2017,4453,13263.19
3532157,2017,3049,35564.78
3532207,2017,4746,45791.19
3532306,2017,6754,10501.92
3532405,2017,18121,19307.65
3532504,2017,8999,24349.71
3532603,2017,11398,28637.66
3532702,2017,4994,21027.83
3532801,2017,6733,28837.37
3532827,2017,9504,24828.18
3532843,2017,1978,18689.59
3532868,2017,1239,32183.21
3532900,2017,10755,30532.59
3533007,2017,21071,21780.03
3533106,2017,2304,12905.82
3533205,2017,3745,39096.13
3533254,2017,5527,11102.95
3533304,2017,3953,11514.55
3533403,2017,58227,54377.97
3533502,2017,40225,32779.34
3533601,2017,7341,78528.27
3533700,2017,4308,31358.64
3533809,2017,2583,34259.78
3533908,2017,54037,36848.07
3534005,2017,4286,36586.09
3534104,2017,6473,15449.71
3534203,2017,6731,73420.00
3534302,2017,43306,41194.59
3534401,2017,697886,111661.57
3534500,2017,2616,33056.57
3534609,2017,32709,27622.15
3534708,2017,111813,26893.57
3534757,2017,9897,47297.97
3534807,2017,8440,13540.76
3534906,2017,14086,14128.00
3535002,2017,12542,30537.39
3535101,2017,12730,9645.56
3535200,2017,9496,17832.67
3535309,2017,22196,31447.51
3535408,2017,15619,16978.42
3535507,2017,45255,27296.61
3535606,2017,18206,15115.46
3535705,2017,6369,39840.32
3535804,2017,19730,30109.63
3535903,2017,4051,24421.38
3536000,2017,11073,32901.74
3536109,2017,6259,47049.85
3536208,2017,19537,26291.91
3536257,2017,2150,23035.35
3536307,2017,14351,68079.51
3536406,2017,7147,21174.06
3536505,2017,102499,346739.34
3536570,2017,1841,19989.68
3536604,2017,8953,29331.73
3536703,2017,45708,42295.59
3536802,2017,6078,13197.93
3536901,2017,2547,25216.73
3537008,2017,16645,58616.52
3537107,2017,46598,25744.43
3537156,2017,3087,38114.35
3537206,2017,11136,13718.84
3537305,2017,62738,26063.74
3537404,2017,25790,28580.19
3537503,2017,8410,25444.35
3537602,2017,66572,19993.93
3537701,2017,5846,16736.06
3537800,2017,55092,22195.33
3537909,2017,28718,22422.38
3538006,2017,164000,42584.32
3538105,2017,16656,20944.58
3538204,2017,14763,17025.54
3538303,2017,3693,15177.63
3538501,2017,13976,11070.76
3538600,2017,26991,17613.87
3538709,2017,397322,59698.63
3538808,2017,29790,23465.19
3538907,2017,24973,17896.49
3539004,2017,11323,27216.46
3539103,2017,18174,22081.55
3539202,2017,27021,35121.50
3539301,2017,75474,34751.40
3539400,2017,13335,16709.19
3539509,2017,38889,25746.61
3539608,2017,5067,47624.04
3539707,2017,3488,25706.71
3539806,2017,115488,36016.37
3539905,2017,5935,25472.11
3540002,2017,21674,54076.17
3540101,2017,3480,21915.52
3540200,2017,47638,25615.96
3540259,2017,4519,20687.54
3540309,2017,2594,63316.50
3540408,2017,4240,23406.13
3540507,2017,9565,18769.26
3540606,2017,52507,38981.20
3540705,2017,55432,35584.63
3540754,2017,23360,8564.51
3540804,2017,17002,32436.36
3540853,2017,3768,7572.98
3540903,2017,20516,46434.30
3541000,2017,310024,21589.86
3541059,2017,5126,22722.40
3541109,2017,4155,15121.06
3541208,2017,13420,18941.36
3541307,2017,43897,19794.59
3541406,2017,225271,34554.65
3541505,2017,39544,18103.25
3541604,2017,39506,44901.66
3541653,2017,3680,27413.04
3541703,2017,13893,34385.66
3541802,2017,3267,124499.54
3541901,2017,12949,25781.76
3542008,2017,6530,28097.40
3542107,2017,9054,36437.71
3542206,2017,29821,37884.61
3542305,2017,3908,14109.26
3542404,2017,19985,33668.50
3542503,2017,9042,16524.99
3542602,2017,56430,34524.70
3542701,2017,7384,22371.34
3542800,2017,3390,14331.56
3542909,2017,13060,20976.95
3543006,2017,17220,22081.71
3543105,2017,4644,18934.97
3543204,2017,4571,31273.68
3543238,2017,2243,16869.37
3543253,2017,7697,38482.66
3543303,2017,121848,24455.08
3543402,2017,682302,47882.28
3543501,2017,5792,11708.05
3543600,2017,3618,31497.51
3543709,2017,10823,19439.25
3543808,2017,10098,26267.68
3543907,2017,202952,45392.37
3544004,2017,33935,42381.58
3544103,2017,49408,12786.67
3544202,2017,12086,18733.66
3544251,2017,17795,70563.30
3544301,2017,10512,27284.25
3544400,2017,3046,20469.47
3544509,2017,3102,26715.34
3544608,2017,5549,21721.93
3544707,2017,2453,17715.45
3544806,2017,6144,23255.70
3544905,2017,11641,31631.47
3545001,2017,16903,11838.25
3545100,2017,5222,13963.81
3545159,2017,8019,28951.61
3545209,2017,116191,58394.69
3545308,2017,44397,35915.62
3545407,2017,9287,22941.32
3545506,2017,4174,94022.28
3545605,2017,15331,21256.15
3545704,2017,5999,34840.14
3545803,2017,191889,29649.54
3546009,2017,14667,15975.86
3546108,2017,2134,32151.36
3546207,2017,4409,28407.58
3546256,2017,2110,26556.40
3546306,2017,33455,14995.90
3546405,2017,47148,43343.49
3546504,2017,5662,16853.06
3546603,2017,31802,32791.27
3546702,2017,25637,62535.63
3546801,2017,56014,23959.99
3546900,2017,8758,14724.14
3547007,2017,6021,21679.95
3547106,2017,2945,26998.98
3547205,2017,1555,22314.47
3547304,2017,131887,66608.65
3547403,2017,2544,23230.74
3547502,2017,27590,23719.32
3547601,2017,26067,29552.92
3547650,2017,1536,22103.52
3547700,2017,21030,20553.83
3547809,2017,715231,38965.22
3547908,2017,6829,19456.73
3548005,2017,22801,49611.99
3548054,2017,8285,25850.21
3548104,2017,6029,22680.38
3548203,2017,6800,16006.91
3548302,2017,3057,12140.66
3548401,2017,4687,13480.69
3548500,2017,434742,51548.50
3548609,2017,10895,18017.07
3548708,2017,827437,53699.73
3548807,2017,159608,82859.49
3548906,2017,246088,42071.94
3549003,2017,2850,16307.37
3549102,2017,90089,33031.59
3549201,2017,2601,16160.32
3549250,2017,1904,18502.63
3549300,2017,2132,26165.57
3549409,2017,50921,33488.95
3549508,2017,8885,18125.94
3549607,2017,4181,11364.51
3549706,2017,54734,32696.72
3549805,2017,450657,36653.84
3549904,2017,703219,56022.98
3549953,2017,15465,13410.15
3550001,2017,10740,16100.28
3550100,2017,40692,28068.00
3550209,2017,32910,20451.20
3550308,2017,12106920,57731.63
3550407,2017,34898,21181.99
3550506,2017,7624,26351.13
3550605,2017,88473,31431.07
3550704,2017,85538,39555.59
3550803,2017,12317,26669.97
3550902,2017,15225,30430.21
3551009,2017,360380,14488.59
3551108,2017,10034,14598.56
3551207,2017,3681,17601.20
3551306,2017,3411,80127.82
3551405,2017,13810,11867.85
3551504,2017,43790,21328.09
3551603,2017,28742,25037.96
3551702,2017,122643,44960.97
3551801,2017,13053,31687.81
3551900,2017,17115,13635.70
3552007,2017,6228,11032.27
3552106,2017,40220,20690.68
3552205,2017,659871,48668.85
3552304,2017,7733,23097.37
3552403,2017,273007,49873.45
3552502,2017,290769,36906.16
3552551,2017,3836,76268.25
3552601,2017,12251,19738.88
3552700,2017,16159,17294.39
3552809,2017,279634,30188.30
3552908,2017,6193,24340.06
3553005,2017,13111,16422.39
3553104,2017,6255,15111.43
3553203,2017,5603,20774.41
3553302,2017,23267,22990.93
3553401,2017,25723,35416.09
3553500,2017,7973,17698.11
3553609,2017,13062,26288.09
3553658,2017,2823,13472.55
3553708,2017,56951,25731.07
3553807,2017,23240,28015.96
3553856,2017,5715,35430.27
3553906,2017,7302,15020.68
3553955,2017,14547,64977.52
3554003,2017,118939,31710.02
3554102,2017,307953,52615.56
3554201,2017,4677,19140.26
3554300,2017,22914,20802.48
3554409,2017,9227,16215.56
3554508,2017,41022,43213.40
3554607,2017,2690,17672.12
3554656,2017,2395,11845.51
3554706,2017,9934,21169.72
3554755,2017,1691,26402.13
3554805,2017,45904,16031.59
3554904,2017,5767,18987.69
3554953,2017,6689,22072.51
3555000,2017,65758,26780.32
3555109,2017,15321,18341.17
3555208,2017,2016,23282.74
3555307,2017,1827,33818.83
3555356,2017,6080,56235.53
3555406,2017,88313,22256.73
3555505,2017,4734,18680.61
3555604,2017,10047,39369.36
3555703,2017,1793,27600.67
3555802,2017,9148,20811.76
3555901,2017,1207,45393.54
3556008,2017,13655,28033.17
3556107,2017,12800,25448.75
3556206,2017,124024,46371.61
3556305,2017,25632,36791.08
3556354,2017,10143,11188.01
3556404,2017,42310,22871.57
3556453,2017,50346,35472.01
3556503,2017,118917,22540.17
3556602,2017,10963,12101.89
3556701,2017,75129,115856.21
3556800,2017,18654,18565.13
3556909,2017,8335,45561.37
3556958,2017,1833,18559.74
3557006,2017,119898,24986.36
3557105,2017,92768,30087.82
3557154,2017,2636,35986.72
3557204,2017,12487,17045.73
3557303,2017,11067,28918.50
4100103,2017,7768,22815.01
4100202,2017,6254,40715.86
4100301,2017,9161,20515.56
4100400,2017,115364,13204.37
4100459,2017,2948,24474.90
4100509,2017,21988,16339.82
4100608,2017,14693,26737.97
4100707,2017,10222,27883.98
4100806,2017,11237,22181.54
4100905,2017,6084,19293.72
4101002,2017,18886,30584.30
4101051,2017,2901,25557.74
4101101,2017,20769,34413.31
4101150,2017,2974,33356.42
4101200,2017,19420,26620.24
4101309,2017,7587,22358.51
4101408,2017,132691,23876.31
4101507,2017,118477,37813.13
4101606,2017,27906,39112.09
4101655,2017,3343,27040.08
4101705,2017,14098,34713.22
4101804,2017,137452,123511.33
4101853,2017,2301,34323.34
4101903,2017,15999,24684.73
4102000,2017,34064,33812.85
4102109,2017,26196,27532.52
4102208,2017,3999,38370.59
4102307,2017,12602,51161.48
4102406,2017,32486,22394.08
4102505,2017,12300,17624.88
4102604,2017,10314,22297.17
4102703,2017,2828,27830.62
4102752,2017,3774,17523.32
4102802,2017,15656,28777.08
4102901,2017,16627,19856.92
4103008,2017,4392,44485.88
4103024,2017,2671,32016.10
4103040,2017,6665,33444.41
4103057,2017,7911,17035.39
4103107,2017,12477,15868.96
4103156,2017,3733,18865.52
4103206,2017,7019,17497.36
4103222,2017,3358,52370.76
4103305,2017,7280,22835.44
4103354,2017,5687,28460.52
4103370,2017,2943,55552.16
4103404,2017,2911,21176.92
4103453,2017,17175,78341.14
4103479,2017,4245,21280.57
4103503,2017,8583,19952.00
4103602,2017,25401,24388.13
4103701,2017,105347,36469.14
4103800,2017,7808,23855.66
4103909,2017,15042,26186.81
4103958,2017,4062,22744.46
4104006,2017,42547,34863.07
4104055,2017,4162,36427.20
4104105,2017,7829,23428.92
4104204,2017,127309,32623.32
4104253,2017,28244,14754.99
4104303,2017,94153,36501.74
4104402,2017,16059,18481.47
4104428,2017,15978,29955.81
4104451,2017,13505,17484.34
4104501,2017,19364,34041.78
4104600,2017,15850,74843.60
4104659,2017,22282,57664.08
4104709,2017,14431,18628.44
4104808,2017,319608,35600.54
4104907,2017,71501,37198.91
4105003,2017,10451,24849.97
4105102,2017,11246,19823.49
4105201,2017,17885,17862.96
4105300,2017,11764,49504.17
4105409,2017,19911,31541.51
4105508,2017,79571,34145.08
4105607,2017,12326,31618.29
4105706,2017,17250,29012.99
4105805,2017,237402,19945.74
4105904,2017,23941,26044.69
4106001,2017,8821,21643.46
4106100,2017,3866,25594.93
4106209,2017,17961,21139.97
4106308,2017,17193,33683.01
4106407,2017,48677,29749.61
4106456,2017,7547,23248.71
4106506,2017,21666,28935.47
4106555,2017,3617,18526.40
4106571,2017,4369,25961.09
4106605,2017,21237,36647.88
4106704,2017,4619,43023.38
4106803,2017,18907,18200.88
4106852,2017,3110,33401.61
4106902,2017,1908359,44397.52
4107009,2017,15004,15064.78
4107108,2017,5389,56825.57
4107124,2017,3555,15182.84
4107157,2017,5294,18300.34
4107207,2017,39856,37891.86
4107256,2017,8439,62245.17
4107306,2017,6069,24550.83
4107405,2017,6168,38005.67
4107504,2017,14314,29315.50
4107520,2017,1852,22364.47
4107538,2017,4406,51406.04
4107546,2017,4447,24862.83
4107553,2017,3323,41786.94
4107603,2017,17306,23928.00
4107652,2017,95225,25017.35
4107702,2017,4898,27515.72
4107736,2017,5904,29492.38
4107751,2017,8177,18565.12
4107801,2017,5103,29971.59
4107850,2017,4782,24748.64
4107900,2017,6603,30427.68
4108007,2017,11087,24280.69
4108106,2017,2697,22034.85
4108205,2017,7133,38745.83
4108304,2017,264044,51007.32
4108320,2017,6350,28324.25
4108403,2017,88465,34704.26
4108452,2017,5079,20230.56
4108502,2017,14038,24559.70
4108551,2017,3178,16086.22
4108601,2017,29664,27496.33
4108650,2017,7448,22073.58
4108700,2017,6167,19964.00
4108809,2017,32974,26597.05
4108908,2017,6591,44949.48
4108957,2017,8619,30278.80
4109005,2017,3934,25700.05
4109104,2017,2292,24920.16
4109203,2017,5492,20290.97
4109302,2017,13641,24979.25
4109401,2017,180364,31093.54
4109500,2017,7923,13494.51
4109609,2017,35986,21195.21
4109658,2017,5643,33591.53
4109708,2017,31095,20883.36
4109757,2017,6396,21028.61
4109807,2017,53356,45700.46
4109906,2017,8482,26405.56
4110003,2017,4343,32387.98
4110052,2017,2304,24455.73
4110078,2017,12697,16904.07
4110102,2017,31719,25956.18
4110201,2017,11331,15557.14
4110300,2017,3137,18210.07
4110409,2017,4504,118874.33
4110508,2017,15139,30938.90
4110607,2017,14704,30910.70
4110656,2017,2462,30629.16
4110706,2017,60425,29581.53
4110805,2017,10608,22496.42
4110904,2017,4620,22104.11
4110953,2017,10587,32857.09
4111001,2017,6819,20029.18
4111100,2017,6210,29020.77
4111209,2017,11685,45496.45
4111258,2017,27500,15593.93
4111308,2017,3229,23761.23
4111407,2017,13797,27239.76
4111506,2017,32720,23087.16
4111555,2017,8120,23077.71
4111605,2017,3240,31666.98
4111704,2017,5255,17580.02
4111803,2017,40263,29286.86
4111902,2017,13398,57829.97
4112009,2017,34822,40872.47
4112108,2017,21341,30803.76
4112207,2017,5897,24944.04
4112306,2017,5084,19885.13
4112405,2017,9307,24929.62
4112504,2017,12019,20884.18
4112603,2017,1396,30291.55
4112702,2017,12615,14780.10
4112751,2017,8861,37487.42
4112801,2017,11731,51850.57
4112900,2017,3430,26361.81
4112959,2017,7650,40024.84
4113007,2017,7026,30464.28
4113106,2017,4368,24832.88
4113205,2017,48067,39097.78
4113254,2017,6205,13540.05
4113304,2017,32379,22554.68
4113403,2017,4131,29972.89
4113429,2017,3662,22164.94
4113452,2017,5071,28827.06
4113502,2017,22903,23352.44
4113601,2017,4751,38552.73
4113700,2017,558439,34454.22
4113734,2017,7455,34909.73
4113759,2017,5063,17049.38
4113809,2017,4911,21183.47
4113908,2017,13738,47872.62
4114005,2017,13798,35879.11
4114104,2017,22164,24701.86
4114203,2017,34559,44587.49
4114302,2017,25662,22894.94
4114351,2017,2861,19305.49
4114401,2017,17269,76194.22
4114500,2017,13708,22962.36
4114609,2017,51795,42466.42
4114708,2017,5932,16903.91
4114807,2017,34955,41401.29
4114906,2017,9068,32658.69
4115002,2017,7166,17623.92
4115101,2017,10555,19835.34
4115200,2017,406693,41583.18
4115309,2017,6638,34630.91
4115358,2017,5776,57296.75
4115408,2017,14539,29490.54
4115457,2017,4725,16277.04
4115507,2017,4765,15761.59
4115606,2017,17640,48866.84
4115705,2017,33450,22305.29
4115739,2017,3576,20746.92
4115754,2017,10039,27805.76
4115804,2017,45586,39995.74
4115853,2017,5476,37414.17
4115903,2017,2314,35340.97
4116000,2017,1875,23900.27
4116059,2017,10879,29334.96
4116109,2017,12621,23097.62
4116208,2017,16540,18945.89
4116307,2017,3958,24218.54
4116406,2017,4075,17936.69
4116505,2017,1536,29891.28
4116604,2017,3545,23825.11
4116703,2017,11300,48606.99
4116802,2017,6295,29419.38
4116901,2017,28084,27241.31
4116950,2017,5194,21011.36
4117008,2017,8356,35745.45
4117057,2017,11927,16429.19
4117107,2017,13486,24870.38
4117206,2017,5829,13719.51
4117214,2017,4217,18456.72
4117222,2017,8186,39029.20
4117255,2017,10745,29794.79
4117271,2017,6498,18922.90
4117297,2017,2908,23128.27
4117305,2017,23200,77208.19
4117404,2017,3494,28372.93
4117453,2017,6023,29023.24
4117503,2017,40156,21963.02
4117602,2017,48990,22532.15
4117701,2017,34023,41813.68
4117800,2017,14189,17236.66
4117909,2017,31366,64942.84
4118006,2017,13345,23814.91
4118105,2017,11265,32378.78
4118204,2017,152975,64457.80
4118303,2017,3117,21162.34
4118402,2017,87850,30158.91
4118451,2017,5432,29336.34
4118501,2017,80710,44605.85
4118600,2017,5842,45904.31
4118709,2017,7360,39577.99
4118808,2017,14198,22582.41
4118857,2017,6105,25415.23
4118907,2017,11101,42593.28
4119004,2017,6674,23285.59
4119103,2017,12455,59338.74
4119152,2017,129445,43228.56
4119202,2017,6440,26622.05
4119251,2017,2757,18085.96
4119301,2017,32322,45386.08
4119400,2017,25277,31870.71
4119509,2017,107751,11345.07
4119608,2017,32015,25474.28
4119657,2017,3140,27900.00
4119707,2017,4303,24566.58
4119806,2017,13889,22359.78
4119905,2017,344332,42224.21
4119954,2017,25393,22760.76
4120002,2017,13754,36918.06
4120101,2017,4835,24894.93
4120150,2017,3491,24938.41
4120200,2017,2611,26160.86
4120309,2017,4148,15196.72
4120333,2017,3718,31181.82
4120358,2017,5477,40297.06
4120408,2017,5227,25401.57
4120507,2017,11286,24109.87
4120606,2017,52125,22311.92
4120655,2017,4764,44419.40
4120705,2017,7472,22871.25
4120804,2017,22651,63781.51
4120853,2017,4031,43148.60
4120903,2017,33543,38750.83
4121000,2017,12320,17716.31
4121109,2017,4897,32709.82
4121208,2017,18733,18860.46
4121257,2017,4435,18396.84
4121307,2017,3963,25366.39
4121356,2017,2800,46552.86
4121406,2017,17111,33767.28
4121505,2017,14981,23961.95
4121604,2017,6979,37997.42
4121703,2017,26763,20751.15
4121752,2017,7927,18359.28
4121802,2017,10941,42422.63
4121901,2017,13557,17473.26
4122008,2017,15125,38981.55
4122107,2017,3337,20598.74
4122156,2017,13552,20221.00
4122172,2017,4119,18186.94
4122206,2017,32504,32721.85
4122305,2017,33857,32970.17
4122404,2017,64726,40164.93
4122503,2017,10779,34577.14
4122602,2017,9581,26083.08
4122651,2017,5231,15668.90
4122701,2017,6702,68071.62
4122800,2017,4003,24753.43
4122909,2017,5158,18256.69
4123006,2017,14713,25305.31
4123105,2017,3603,21611.99
4123204,2017,3544,29343.40
4123303,2017,8113,31165.66
4123402,2017,11691,22104.27
4123501,2017,25911,33043.65
4123600,2017,1727,28506.08
4123709,2017,8858,21432.83
4123808,2017,14411,21722.64
4123824,2017,3955,25141.34
4123857,2017,10716,17242.44
4123907,2017,12307,27733.00
4123956,2017,3915,20901.92
4124004,2017,5222,18761.20
4124020,2017,10471,34005.25
4124053,2017,22992,21106.30
4124103,2017,45819,24917.13
4124202,2017,2741,19130.61
4124301,2017,2281,31873.74
4124400,2017,20158,25158.99
4124509,2017,5506,57881.40
4124608,2017,6839,43504.02
4124707,2017,11519,18854.50
4124806,2017,10644,63724.73
4124905,2017,6025,23487.80
4125001,2017,11005,24909.68
4125100,2017,14927,38083.81
4125209,2017,9291,26554.95
4125308,2017,5676,46097.60
4125357,2017,5946,19667.84
4125407,2017,6485,21715.34
4125456,2017,3816,19231.39
4125506,2017,307530,73465.05
4125555,2017,2189,22661.49
4125605,2017,45398,27204.13
4125704,2017,27461,34321.84
4125753,2017,6286,31406.30
4125803,2017,10928,24329.70
4125902,2017,2443,26982.40
4126009,2017,8985,21300.17
4126108,2017,5715,25284.16
4126207,2017,6905,14868.21
4126256,2017,94181,15472.02
4126272,2017,5448,165129.96
4126306,2017,19443,24444.89
4126355,2017,4637,35717.27
4126405,2017,5633,44963.43
4126504,2017,16485,43025.17
4126603,2017,20508,25932.03
4126652,2017,3222,29237.74
4126678,2017,14143,19682.53
4126702,2017,5064,22390.60
4126801,2017,15962,30367.81
4126900,2017,5798,21818.73
4127007,2017,11834,29202.13
4127106,2017,77276,49762.50
4127205,2017,16991,26366.55
4127304,2017,16578,22597.42
4127403,2017,17627,34822.15
4127502,2017,20562,42548.05
4127601,2017,16348,18641.42
4127700,2017,135538,43760.73
4127809,2017,8470,21021.61
4127858,2017,12256,26365.45
4127882,2017,7971,14337.60
4127908,2017,8833,23407.34
4127957,2017,8277,39231.00
4127965,2017,13640,31278.81
4128005,2017,21762,39753.93
4128104,2017,109955,29877.31
4128203,2017,57027,26844.81
4128302,2017,2614,25445.29
4128401,2017,11662,22339.14
4128500,2017,19856,25917.41
4128534,2017,11407,19543.35
4128559,2017,8918,25542.27
4128609,2017,7692,34329.43
4128625,2017,2998,28621.75
4128633,2017,5781,11792.94
4128658,2017,4095,28070.09
4128708,2017,6878,44719.83
4128807,2017,5957,14552.80
4200051,2017,2604,24210.83
4200101,2017,17847,33977.53
4200200,2017,10581,22983.08
4200309,2017,5437,28614.13
4200408,2017,7154,41653.76
4200507,2017,6445,15072.46
4200556,2017,2387,39089.65
4200606,2017,6298,21791.04
4200705,2017,9960,23064.36
4200754,2017,1967,26225.72
4200804,2017,5832,22160.84
4200903,2017,4943,19777.26
4201000,2017,7537,18251.03
4201109,2017,3248,16464.29
4201208,2017,8327,69342.50
4201257,2017,10542,39365.30
4201273,2017,4281,29472.09
4201307,2017,35268,111400.36
4201406,2017,67110,25703.87
4201505,2017,8520,19776.41
4201604,2017,3564,25866.44
4201653,2017,2261,38571.43
4201703,2017,7877,24458.42
4201802,2017,3254,30589.43
4201901,2017,5688,29327.18
4201950,2017,12344,12872.16
4202008,2017,135268,38070.72
4202057,2017,10317,18227.49
4202073,2017,10413,13519.45
4202081,2017,2751,22734.28
4202099,2017,1739,22998.27
4202107,2017,27781,60001.15
4202131,2017,6304,22069.16
4202156,2017,2709,19682.17
4202206,2017,11425,25732.25
4202305,2017,66558,24185.39
4202404,2017,348513,45949.12
4202438,2017,3456,19754.05
4202453,2017,18623,32128.82
4202503,2017,4694,25529.83
4202537,2017,2919,31541.97
4202578,2017,2151,24393.77
4202602,2017,9796,25947.84
4202701,2017,5100,55413.73
4202800,2017,32648,34752.57
4202859,2017,3709,37182.80
4202875,2017,2539,30198.90
4202909,2017,128818,45685.44
4203006,2017,77323,39756.53
4203105,2017,6213,31797.68
4203154,2017,3380,18802.96
4203204,2017,78731,17159.43
4203253,2017,2597,38908.36
4203303,2017,12012,37999.00
4203402,2017,7177,30615.16
4203501,2017,8787,30173.10
4203600,2017,35710,55044.78
4203709,2017,11944,14867.13
4203808,2017,54403,29250.87
4203907,2017,22524,37209.11
4203956,2017,24298,17689.15
4204004,2017,10632,36916.76
4204103,2017,3850,31881.82
4204152,2017,2760,19647.46
4204178,2017,3254,22215.73
4204194,2017,2953,27933.29
4204202,2017,213279,41697.45
4204251,2017,16446,42933.36
4204301,2017,73766,43101.46
4204350,2017,4321,50871.09
4204400,2017,10130,25319.84
4204459,2017,2548,19056.51
4204509,2017,15541,33480.02
4204558,2017,13358,46147.18
4204608,2017,211369,33825.65
4204707,2017,11057,47014.56
4204756,2017,1955,23522.76
4204806,2017,39566,37807.56
4204905,2017,8399,27252.77
4205001,2017,15450,25924.47
4205100,2017,4081,24808.63
4205159,2017,4043,27916.40
4205175,2017,3183,14790.14
4205191,2017,2076,41417.15
4205209,2017,4480,31358.04
4205308,2017,10745,40456.40
4205357,2017,1594,25010.04
4205407,2017,485838,40171.20
4205431,2017,2549,19515.10
4205456,2017,25988,31302.33
4205506,2017,36261,25028.82
4205555,2017,2146,31363.93
4205605,2017,3058,21803.14
4205704,2017,22082,24193.32
4205803,2017,17479,52219.63
4205902,2017,67392,41906.43
4206009,2017,14229,20831.33
4206108,2017,6537,34844.42
4206207,2017,11394,19685.19
4206306,2017,22732,39711.60
4206405,2017,10259,28010.43
4206504,2017,42872,35964.38
4206603,2017,5139,29324.58
4206652,2017,4733,51626.88
4206702,2017,22443,19171.23
4206751,2017,1967,24059.99
4206801,2017,3268,29663.40
4206900,2017,18721,22520.70
4207007,2017,54845,38343.91
4207106,2017,13857,49338.75
4207205,2017,10571,17172.64
4207304,2017,44076,35127.58
4207403,2017,6133,20150.99
4207502,2017,66497,37603.89
4207577,2017,2917,43604.39
4207601,2017,4562,18510.96
4207650,2017,8930,28672.23
4207684,2017,7400,30156.22
4207700,2017,7561,41432.22
4207759,2017,4067,23526.92
4207809,2017,10285,20508.90
4207858,2017,1984,17613.91
4207908,2017,11133,26867.24
4208005,2017,6275,38270.92
4208104,2017,21506,32740.72
4208203,2017,212615,103154.53
4208302,2017,61187,27758.53
4208401,2017,16683,45191.93
4208450,2017,19355,36929.73
4208500,2017,24622,33785.11
4208609,2017,3990,35458.90
4208708,2017,10539,30612.96
4208807,2017,19527,24240.03
4208906,2017,170835,49890.57
4208955,2017,1625,23199.38
4209003,2017,29608,53267.23
4209102,2017,577077,47460.09
4209151,2017,4887,22255.78
4209177,2017,2127,24814.76
4209201,2017,2251,41335.85
4209300,2017,158508,32021.01
4209409,2017,45311,18576.99
4209458,2017,1453,27094.98
4209508,2017,6790,37932.70
4209607,2017,15149,23451.98
4209706,2017,12133,18428.50
4209805,2017,3140,29642.04
4209854,2017,4615,23678.22
4209904,2017,11774,26692.97
4210001,2017,12413,46385.81
4210035,2017,5705,27823.49
4210050,2017,1799,23983.88
4210100,2017,55907,29696.84
4210209,2017,3429,13545.35
4210308,2017,8015,23190.77
4210407,2017,7139,25360.83
4210506,2017,25076,42087.61
4210555,2017,1906,31723.50
4210605,2017,16455,35225.77
4210704,2017,2614,18522.95
4210803,2017,7047,34350.65
4210852,2017,2374,23224.09
4210902,2017,4192,25779.58
4211009,2017,11496,50571.16
4211058,2017,9785,14007.05
4211108,2017,8471,18755.99
4211207,2017,17532,36250.23
4211256,2017,2915,45753.34
4211306,2017,77137,53262.08
4211405,2017,4879,31669.60
4211454,2017,4339,24187.37
4211504,2017,14099,37140.86
4211603,2017,14837,48273.17
4211652,2017,2532,32037.52
4211702,2017,22723,42808.43
4211751,2017,18313,37990.50
4211801,2017,7363,21696.18
4211850,2017,2245,38420.94
4211876,2017,1577,24680.41
4211892,2017,2376,24231.06
4211900,2017,164926,29310.30
4212007,2017,7558,26718.31
4212056,2017,2586,41155.84
4212106,2017,16253,35384.98
4212205,2017,19015,28591.74
4212239,2017,3613,24590.37
4212254,2017,8370,16730.47
4212270,2017,4243,32092.15
4212304,2017,7360,24613.45
4212403,2017,4026,34478.64
4212502,2017,31025,21716.07
4212601,2017,2855,29306.48
4212650,2017,9980,9258.82
4212700,2017,6021,27768.48
4212809,2017,21884,38437.63
4212908,2017,19511,52268.93
4213005,2017,3480,47635.63
4213104,2017,4102,159416.87
4213153,2017,2844,31158.93
4213203,2017,32334,59356.06
4213302,2017,4767,23051.81
4213351,2017,3413,32289.48
4213401,2017,11545,19530.36
4213500,2017,20294,46575.15
4213609,2017,35207,19970.18
4213708,2017,16957,30708.50
4213807,2017,7364,21158.88
4213906,2017,1610,28481.37
4214003,2017,16996,36821.08
4214102,2017,2304,23920.57
4214151,2017,2906,23031.31
4214201,2017,10044,34608.62
4214300,2017,2871,35867.64
4214409,2017,6246,28316.36
4214508,2017,6043,26960.12
4214607,2017,7463,26086.69
4214706,2017,11431,27149.51
4214805,2017,69188,37176.48
4214904,2017,4606,51630.26
4215000,2017,42029,25997.60
4215059,2017,2489,20141.82
4215075,2017,4670,21397.22
4215109,2017,11488,23850.19
4215208,2017,5022,16387.50
4215307,2017,7634,23670.29
4215356,2017,3847,18635.56
4215406,2017,4655,36871.32
4215455,2017,12233,22939.18
4215505,2017,16701,25106.88
4215554,2017,2266,28429.39
4215604,2017,2139,22568.49
4215653,2017,8356,16627.69
4215679,2017,8846,21788.38
4215687,2017,2557,19313.26
4215695,2017,1317,24541.38
4215703,2017,22609,33345.97
4215752,2017,2449,23632.09
4215802,2017,82842,36150.90
4215901,2017,2899,21330.46
4216008,2017,11132,30549.32
4216057,2017,5464,27036.79
4216107,2017,9502,32587.67
4216206,2017,50701,78823.77
4216255,2017,6309,33807.89
4216305,2017,35065,24536.18
4216354,2017,3690,45835.23
4216404,2017,7268,25993.95
4216503,2017,26646,32223.49
4216602,2017,239718,42285.67
4216701,2017,13897,28031.66
4216800,2017,8588,26551.58
4216909,2017,23698,35419.49
4217006,2017,12934,45069.89
4217105,2017,3210,23397.82
4217154,2017,1848,18422.08
4217204,2017,39793,36431.76
4217253,2017,5602,12729.20
4217303,2017,9664,33597.58
4217402,2017,20095,24075.44
4217501,2017,17526,46383.32
4217550,2017,3301,23443.80
4217600,2017,13870,33058.33
4217709,2017,29710,25314.10
4217758,2017,2551,20183.07
4217808,2017,18261,31415.53
4217907,2017,8738,47147.17
4217956,2017,1695,22223.01
4218004,2017,36931,39726.11
4218103,2017,5377,21454.34
4218202,2017,42801,42815.99
4218251,2017,7767,24114.59
4218301,2017,19146,54482.35
4218350,2017,3863,55810.25
4218400,2017,7098,20249.93
4218509,2017,7545,81495.29
4218608,2017,7211,32227.99
4218707,2017,104457,33661.75
4218756,2017,4597,25908.64
4218806,2017,12746,40667.74
4218855,2017,2600,23335.38
4218905,2017,11191,20762.76
4218954,2017,2487,27626.46
4219002,2017,21177,37524.63
4219101,2017,3590,37066.57
4219150,2017,2543,23395.99
4219176,2017,4597,83522.73
4219200,2017,6356,41257.08
4219309,2017,52066,42837.30
4219358,2017,5056,23314.08
4219408,2017,3912,30901.33
4219507,2017,49738,32249.99
4219606,2017,4012,45618.64
4219705,2017,28210,32881.67
4219853,2017,3300,20936.06
4220000,2017,12403,17169.48
4300034,2017,4759,55799.54
4300059,2017,3841,72580.06
4300109,2017,17085,29000.82
4300208,2017,7358,35326.45
4300307,2017,6736,15815.32
4300406,2017,78003,25838.79
4300455,2017,4037,24777.56
4300471,2017,2079,62692.16
4300505,2017,7433,71389.48
4300554,2017,1803,34808.10
4300570,2017,3040,28565.46
4300604,2017,208177,11964.61
4300638,2017,6854,14778.96
4300646,2017,7576,13926.74
4300661,2017,1306,78188.36
4300703,2017,6210,33519.65
4300802,2017,13306,41297.76
4300851,2017,3748,37252.13
4300877,2017,5395,26289.90
4300901,2017,6601,133271.17
4301008,2017,20272,53804.76
4301057,2017,9050,25401.22
4301073,2017,2906,20217.48
4301107,2017,14255,16535.04
4301206,2017,13388,25065.95
4301305,2017,18922,31878.77
4301404,2017,10614,24192.48
4301503,2017,7091,43104.36
4301552,2017,3718,26451.86
4301602,2017,122209,23246.59
4301636,2017,12671,16203.77
4301651,2017,6109,30505.65
4301701,2017,6763,30823.89
4301750,2017,7440,15389.11
4301800,2017,5474,34223.42
4301859,2017,3253,12629.88
4301875,2017,4223,47831.40
4301909,2017,13365,23875.20
4301925,2017,1915,24342.04
4301958,2017,2516,47386.33
4302006,2017,11486,16911.28
4302055,2017,2227,13777.28
4302105,2017,115069,48220.02
4302154,2017,2167,53006.46
4302204,2017,6829,29231.22
4302220,2017,2526,86167.85
4302238,2017,2579,60912.37
4302253,2017,2859,25360.62
4302303,2017,11773,25509.73
4302352,2017,13189,41780.20
4302378,2017,2216,23414.71
4302402,2017,12204,22163.31
4302451,2017,7914,16803.89
4302501,2017,6801,40032.64
4302584,2017,2228,47111.31
4302600,2017,3647,21737.32
4302659,2017,4996,17180.74
4302709,2017,21247,20310.68
4302808,2017,34634,23439.89
4302907,2017,13552,23856.33
4303004,2017,85495,27123.64
4303103,2017,127318,40114.78
4303202,2017,5100,18832.16
4303301,2017,5042,31372.07
4303400,2017,5064,19314.38
4303509,2017,66215,30503.27
4303558,2017,2733,62358.95
4303608,2017,6680,22477.40
4303673,2017,3407,44785.74
4303707,2017,5994,24534.53
4303806,2017,5641,34947.17
4303905,2017,64914,45129.49
4304002,2017,5161,37397.40
4304101,2017,3514,24720.55
4304200,2017,31603,25507.74
4304309,2017,6567,33479.98
4304358,2017,9406,54473.10
4304408,2017,43062,24058.17
4304507,2017,56103,20422.63
4304606,2017,343853,54917.73
4304614,2017,1817,23608.15
4304622,2017,1758,86596.13
4304630,2017,48401,28378.59
4304655,2017,3449,70498.41
4304663,2017,25495,20656.05
4304671,2017,4362,50199.68
4304689,2017,11455,17036.49
4304697,2017,2769,24847.60
4304705,2017,62339,42810.97
4304713,2017,7971,12604.19
4304804,2017,28091,77665.48
4304853,2017,1547,21670.33
4304903,2017,9079,45715.94
4304952,2017,3185,38098.27
4305009,2017,9335,35397.64
4305108,2017,483377,45123.90
4305116,2017,3016,22812.33
4305124,2017,6443,14738.48
4305132,2017,4694,16512.36
4305157,2017,2437,20923.68
4305173,2017,11486,14659.59
4305207,2017,14069,46642.83
4305306,2017,9597,45180.89
4305355,2017,38899,28667.99
4305371,2017,3482,21336.30
4305405,2017,4026,46439.64
4305439,2017,6456,35647.15
4305447,2017,5319,19449.90
4305454,2017,14710,17730.32
4305504,2017,4983,25647.60
4305587,2017,2499,24473.39
4305603,2017,3478,50414.89
4305702,2017,6836,46561.59
4305801,2017,10109,27138.69
4305835,2017,1559,21153.94
4305850,2017,2458,41707.89
4305871,2017,2559,40921.84
4305900,2017,7776,34101.85
4305934,2017,1728,22394.10
4305959,2017,4000,36635.50
4305975,2017,2876,71010.43
4306007,2017,14195,23435.72
4306056,2017,7831,25871.15
4306072,2017,2918,17403.36
4306106,2017,63463,53491.18
4306130,2017,2059,34923.26
4306205,2017,12258,28084.35
4306304,2017,4844,25520.44
4306320,2017,3102,24908.45
4306353,2017,2744,13612.24
4306379,2017,3130,35346.33
4306403,2017,30753,58748.02
4306429,2017,2158,49240.04
4306452,2017,3430,26969.10
4306502,2017,15279,16568.43
4306551,2017,2617,20519.30
4306601,2017,39822,33735.82
4306700,2017,3331,21674.57
4306734,2017,5110,34570.25
4306759,2017,2071,24416.22
4306767,2017,38581,41104.84
4306809,2017,22128,37518.84
4306908,2017,25872,20324.21
4306924,2017,1340,36744.03
4306932,2017,8981,38668.52
4306957,2017,3035,64790.12
4306973,2017,3066,31497.06
4307005,2017,103437,43086.25
4307054,2017,3215,40960.81
4307104,2017,6980,19674.36
4307203,2017,5170,17389.56
4307302,2017,7660,31130.42
4307401,2017,3313,54486.87
4307450,2017,3204,21078.65
4307500,2017,15843,43066.15
4307559,2017,6161,53672.29
4307609,2017,47287,28216.91
4307708,2017,84237,35629.88
4307807,2017,33140,42824.29
4307815,2017,3745,34398.93
4307831,2017,2699,64015.93
4307864,2017,2724,29090.68
4307906,2017,69542,46143.81
4308003,2017,6867,27831.51
4308052,2017,2523,22641.30
4308078,2017,4194,28708.15
4308102,2017,13273,29511.72
4308201,2017,29603,50231.02
4308250,2017,1958,25293.16
4308300,2017,10836,16802.88
4308409,2017,7053,25853.68
4308433,2017,2519,16397.78
4308458,2017,4588,54435.70
4308508,2017,30832,35425.86
4308607,2017,33624,54621.16
4308656,2017,3182,32434.63
4308706,2017,5878,36939.27
4308805,2017,8663,17191.39
4308854,2017,1705,60063.34
4308904,2017,16648,30819.20
4309001,2017,17069,39747.26
4309050,2017,7654,42794.36
4309100,2017,35047,52335.55
4309126,2017,2247,19384.96
4309159,2017,4251,19377.79
4309209,2017,275146,44756.84
4309258,2017,1600,42451.25
4309308,2017,99334,56049.16
4309407,2017,24836,32963.04
4309506,2017,8080,35538.49
4309555,2017,4664,36936.96
4309571,2017,3070,20535.18
4309605,2017,19338,77866.02
4309654,2017,6561,26541.99
4309704,2017,4988,28094.23
4309753,2017,4519,20223.06
4309803,2017,4846,40496.08
4309902,2017,7458,31983.37
4309951,2017,4155,23233.94
4310009,2017,20355,45587.91
4310108,2017,34903,47444.35
4310207,2017,83330,37991.77
4310306,2017,4202,26459.07
4310330,2017,20578,21236.95
4310363,2017,3157,63082.99
4310405,2017,6598,36569.11
4310413,2017,2312,27058.39
4310439,2017,6482,30302.84
4310462,2017,1975,44413.16
4310504,2017,7921,22152.25
4310538,2017,5384,16847.33
4310553,2017,3552,24697.07
4310579,2017,2295,23454.90
4310603,2017,39012,34221.19
4310652,2017,2583,22977.16
4310702,2017,3896,15881.42
4310751,2017,2104,23100.29
4310801,2017,22514,40761.39
4310850,2017,4082,21145.52
4310876,2017,2666,36914.10
4310900,2017,3704,30859.07
4311007,2017,28156,25193.00
4311106,2017,11514,21240.32
4311122,2017,4083,16545.92
4311130,2017,3645,48485.87
4311155,2017,8679,46784.08
4311205,2017,20012,52024.39
4311239,2017,2852,21027.70
4311254,2017,6516,16237.88
4311270,2017,1650,46521.21
4311304,2017,28454,34156.25
4311403,2017,79819,48170.50
4311429,2017,2596,17412.94
4311502,2017,7807,29247.34
4311601,2017,5686,22478.72
4311627,2017,5765,52924.72
4311643,2017,1712,26304.32
4311700,2017,5640,27004.08
4311718,2017,4804,53165.49
4311734,2017,3079,18259.18
4311759,2017,7383,31899.77
4311775,2017,7016,16083.24
4311791,2017,2677,33375.42
4311809,2017,41059,45934.31
4311908,2017,4941,22960.13
4311981,2017,3932,16849.69
4312005,2017,2190,21013.24
4312054,2017,4159,20720.37
4312104,2017,5124,20949.26
4312138,2017,2574,31804.20
4312153,2017,4276,33445.28
4312179,2017,1780,28154.49
4312203,2017,4804,20067.03
4312252,2017,8059,20435.04
4312302,2017,4975,23706.53
4312351,2017,1545,35056.31
4312377,2017,3249,22216.07
4312385,2017,2689,32732.61
4312401,2017,63868,50655.30
4312427,2017,2986,29980.91
4312443,2017,3166,18521.48
4312450,2017,6566,13187.48
4312476,2017,6183,27754.65
4312500,2017,12794,27983.98
4312609,2017,5006,48113.66
4312617,2017,3156,119794.68
4312625,2017,1903,23367.84
4312658,2017,17185,66751.47
4312674,2017,1752,46712.33
4312708,2017,12247,29845.19
4312757,2017,3481,46082.73
4312807,2017,4471,42404.83
4312906,2017,9599,47745.18
4312955,2017,1932,43419.25
4313003,2017,3344,29916.57
4313011,2017,2807,50808.34
4313037,2017,5125,23313.37
4313060,2017,20405,29954.18
4313086,2017,2568,28263.63
4313102,2017,6605,43320.06
4313201,2017,20675,35555.84
4313300,2017,25559,45501.62
4313334,2017,2417,53102.19
4313359,2017,3603,48639.47
4313375,2017,26450,49196.79
4313391,2017,4125,21007.27
4313409,2017,249508,35751.47
4313425,2017,3757,31253.13
4313441,2017,2312,19778.11
4313466,2017,1790,28134.64
4313490,2017,4181,19832.82
4313508,2017,44468,37337.70
4313607,2017,4172,24203.98
4313656,2017,11449,40579.18
4313706,2017,34844,36013.98
4313805,2017,7184,24576.56
4313904,2017,41781,46983.08
4313953,2017,9845,33556.53
4314001,2017,7404,36647.89
4314027,2017,7677,21034.78
4314035,2017,3760,23828.99
4314050,2017,56277,20347.02
4314068,2017,5554,19309.51
4314076,2017,6430,27310.42
4314100,2017,198799,43444.68
4314134,2017,2308,38383.45
4314159,2017,8485,18766.06
4314175,2017,2168,49547.05
4314209,2017,7999,18497.06
4314308,2017,4043,54688.10
4314407,2017,344385,24441.88
4314423,2017,5595,52930.83
4314456,2017,2616,27745.80
4314464,2017,2104,157456.27
4314472,2017,4544,108019.15
4314498,2017,4803,17894.23
4314506,2017,12913,21968.17
4314548,2017,2868,16849.72
4314555,2017,2625,21896.76
4314605,2017,20799,18936.92
4314704,2017,10623,17603.50
4314753,2017,2112,38075.28
4314779,2017,3990,55782.21
4314787,2017,1706,29878.66
4314803,2017,34692,31685.20
4314902,2017,1484941,49371.68
4315008,2017,5227,19417.07
4315057,2017,2536,21738.17
4315073,2017,1676,19023.27
4315107,2017,10718,15006.72
4315131,2017,1819,23744.91
4315149,2017,2752,42461.85
4315156,2017,6379,19336.73
4315172,2017,2034,25258.60
4315206,2017,4159,23060.59
4315305,2017,23532,18947.77
4315313,2017,1856,58757.54
4315321,2017,2824,49142.71
4315354,2017,3826,35347.36
4315404,2017,11187,14085.19
4315453,2017,2187,21040.24
4315503,2017,16315,26373.40
4315552,2017,3317,23622.25
4315602,2017,209378,44079.54
4315701,2017,39000,22736.95
4315750,2017,4607,24203.17
4315800,2017,11101,39504.37
4315909,2017,5967,27750.46
4315958,2017,2515,32991.25
4316006,2017,20920,27612.86
4316105,2017,10695,26507.99
4316204,2017,5497,31504.09
4316303,2017,7245,106598.62
4316402,2017,40727,22235.47
4316428,2017,2676,20207.77
4316436,2017,2849,48342.58
4316451,2017,12490,49560.77
4316477,2017,2776,41822.41
4316501,2017,7434,39008.61
4316600,2017,16237,32445.96
4316709,2017,8694,67359.79
4316733,2017,1695,40805.31
4316758,2017,6285,39402.70
4316808,2017,127429,65639.85
4316907,2017,278445,25907.25
4316956,2017,6358,30004.72
4316972,2017,2519,70940.45
4317004,2017,8414,20072.85
4317103,2017,82312,31420.74
4317202,2017,72753,38819.75
4317251,2017,1780,22639.89
4317301,2017,31274,30203.08
4317400,2017,50658,25201.05
4317509,2017,79101,29592.07
4317558,2017,2196,36799.18
4317608,2017,42333,30431.29
4317707,2017,11051,29111.66
4317756,2017,2059,45358.43
4317806,2017,14334,37332.29
4317905,2017,14738,35620.44
4317954,2017,2468,27004.05
4318002,2017,62808,28064.48
4318051,2017,3080,20675.32
4318101,2017,19382,23064.34
4318200,2017,21679,26485.26
4318309,2017,62957,27681.56
4318408,2017,23763,23685.77
4318424,2017,4831,25006.62
4318432,2017,2646,27759.64
4318440,2017,2842,28819.85
4318457,2017,2714,18828.30
4318465,2017,2158,22730.77
4318481,2017,4543,25423.07
4318499,2017,2205,45849.43
4318507,2017,27206,15521.39
4318606,2017,7117,36314.18
4318614,2017,2298,27210.18
4318622,2017,3496,24823.51
4318705,2017,230914,34351.56
4318804,2017,44580,24524.74
4318903,2017,35057,32595.43
4319000,2017,21364,35144.26
4319109,2017,5779,39322.89
4319125,2017,3309,47972.20
4319158,2017,7754,55243.62
4319208,2017,5677,23128.94
4319307,2017,6280,23844.59
4319356,2017,3639,20090.13
4319364,2017,1998,29293.79
4319372,2017,2991,30629.22
4319406,2017,16763,22087.34
4319505,2017,24967,25709.58
4319604,2017,24403,33799.29
4319703,2017,3581,24465.23
4319711,2017,2265,24250.77
4319737,2017,2760,19168.48
4319752,2017,2154,31938.72
4319802,2017,8817,25848.36
4319901,2017,80311,38463.07
4320008,2017,139476,22106.82
4320107,2017,23398,36477.69
4320206,2017,11144,28221.82
4320230,2017,3050,29550.16
4320263,2017,7428,17734.79
4320305,2017,5152,41781.25
4320321,2017,2880,27881.94
4320354,2017,5528,15135.31
4320404,2017,16184,38274.65
4320453,2017,2198,19127.84
4320503,2017,6065,46196.70
4320552,2017,6317,34294.92
4320578,2017,2114,29356.20
4320602,2017,3868,24054.29
4320651,2017,2481,19517.94
4320677,2017,10408,18945.52
4320701,2017,15018,24937.01
4320800,2017,31361,27674.76
4320859,2017,4526,15271.98
4320909,2017,22077,43923.50
4321006,2017,10814,38414.28
4321105,2017,17425,20777.73
4321204,2017,57544,22172.01
4321303,2017,27207,24387.66
4321329,2017,3101,35133.51
4321352,2017,5567,14756.60
4321402,2017,14008,28503.00
4321436,2017,10783,19298.62
4321451,2017,30846,41974.32
4321469,2017,2946,35741.00
4321477,2017,6294,19704.00
4321493,2017,2970,22025.59
4321501,2017,37564,29472.66
4321600,2017,47521,20031.71
4321626,2017,2391,25652.45
4321634,2017,2851,25296.74
4321667,2017,10904,21192.77
4321709,2017,26589,34436.27
4321808,2017,24497,40037.39
4321832,2017,2898,17668.74
4321857,2017,4457,27865.38
4321907,2017,24632,31934.19
4321956,2017,5961,27417.72
4322004,2017,28289,309746.33
4322103,2017,5965,33839.06
4322152,2017,4604,18419.42
4322186,2017,1573,28621.11
4322202,2017,23705,45867.50
4322251,2017,4472,100272.14
4322301,2017,8494,31407.70
4322327,2017,3585,27156.49
4322343,2017,2232,26070.34
4322350,2017,1374,37034.93
4322376,2017,2467,24199.43
4322400,2017,129784,21583.63
4322509,2017,65397,33522.23
4322525,2017,3461,22123.37
4322533,2017,11727,19300.33
4322541,2017,5638,21823.87
4322558,2017,2101,27109.95
4322608,2017,70481,39259.37
4322707,2017,26024,23443.24
4322806,2017,25073,56477.65
4322855,2017,1956,32396.22
4322905,2017,5205,24411.14
4323002,2017,253717,13616.65
4323101,2017,5152,17688.28
4323200,2017,3051,45044.25
4323309,2017,3382,45971.91
4323358,2017,2185,43696.57
4323408,2017,4407,46669.84
4323457,2017,4370,27416.25
4323507,2017,2877,26705.94
4323606,2017,1611,31613.28
4323705,2017,2882,23380.29
4323754,2017,3422,24997.95
4323770,2017,2977,51513.94
4323804,2017,14650,33054.47
5000203,2017,14992,99292.76
5000252,2017,5188,31627.60
5000609,2017,38465,23465.02
5000708,2017,24954,16855.53
5000807,2017,8927,22931.11
5000856,2017,10458,69010.52
5000906,2017,8808,26238.08
5001003,2017,25072,41337.95
5001102,2017,47482,19334.99
5001243,2017,11771,40591.45
5001508,2017,6795,48144.52
5001904,2017,22389,35384.03
5002001,2017,11248,30153.89
5002100,2017,24331,21195.96
5002159,2017,7820,26776.09
5002209,2017,21483,31741.14
5002308,2017,11864,43752.53
5002407,2017,29292,40409.91
5002605,2017,13694,29853.66
5002704,2017,874210,30933.62
5002803,2017,5972,19629.60
5002902,2017,21748,25444.64
5002951,2017,23940,62094.03
5003108,2017,5730,18769.81
5003157,2017,15016,12841.44
5003207,2017,109899,26114.73
5003256,2017,20159,73526.86
5003306,2017,33323,25208.14
5003454,2017,12773,20677.29
5003488,2017,11132,16781.62
5003504,2017,5827,20590.70
5003702,2017,218069,38197.49
5003751,2017,12224,28939.14
5003801,2017,19181,24540.17
5003900,2017,3027,31879.09
5004007,2017,9960,19077.81
5004106,2017,9991,23379.14
5004304,2017,15838,24159.11
5004403,2017,7618,34416.64
5004502,2017,23539,27566.25
5004601,2017,20637,29794.64
5004700,2017,23021,47411.58
5004809,2017,8836,14008.83
5004908,2017,7019,27318.28
5005004,2017,25758,20512.27
5005103,2017,4025,67201.74
5005152,2017,6553,38302.76
5005202,2017,22590,13053.47
5005251,2017,7177,59580.19
5005400,2017,44994,53048.10
5005608,2017,27525,18197.31
5005681,2017,18103,25600.95
5005707,2017,53188,27845.25
5005806,2017,14092,17973.03
5006002,2017,20772,69055.80
5006200,2017,52625,38165.45
5006259,2017,4041,45977.98
5006275,2017,5350,115524.11
5006309,2017,41755,28562.02
5006358,2017,13852,11524.55
5006408,2017,7683,26869.45
5006606,2017,89592,29490.41
5006903,2017,16879,19038.75
5007109,2017,23881,40493.61
5007208,2017,36144,57474.13
5007307,2017,4834,18116.47
5007406,2017,19569,22811.64
5007505,2017,5346,32974.00
5007554,2017,7732,57110.58
5007695,2017,25898,54559.08
5007703,2017,10790,19179.24
5007802,2017,6482,271194.38
5007901,2017,54575,29910.89
5007935,2017,18393,35265.26
5007950,2017,11284,17148.35
5007976,2017,3570,30619.33
5008008,2017,20855,22350.23
5008305,2017,117477,86278.05
5008404,2017,6041,35487.50
5100102,2017,5269,13617.57
5100201,2017,24501,40229.38
5100250,2017,50189,29722.31
5100300,2017,18164,46216.31
5100359,2017,6466,16839.00
5100409,2017,11532,46436.09
5100508,2017,10921,10578.43
5100607,2017,10246,94574.86
5100805,2017,9694,14627.50
5101001,2017,3036,22737.15
5101209,2017,931,20991.41
5101258,2017,16223,25742.28
5101308,2017,9455,17954.52
5101407,2017,21357,33227.61
5101605,2017,7872,10774.39
5101704,2017,33644,38912.38
5101803,2017,58974,29755.33
5101837,2017,,
5101852,2017,6266,42860.52
5101902,2017,18688,41272.63
5102504,2017,91271,19900.52
5102603,2017,15386,16556.35
5102637,2017,33551,87467.11
5102678,2017,39933,60791.25
5102686,2017,6512,190303.13
5102694,2017,4630,24040.39
5102702,2017,20707,56123.92
5102793,2017,10136,16071.63
5102850,2017,8454,16054.29
5103007,2017,19049,36414.93
5103056,2017,11716,34927.28
5103106,2017,5535,24923.04
5103205,2017,32298,26328.22
5103254,2017,36161,14622.94
5103304,2017,19932,28147.70
5103353,2017,29471,24598.93
5103361,2017,3860,22873.58
5103379,2017,18689,10761.36
5103403,2017,590118,39496.82
5103437,2017,5049,20781.14
5103452,2017,9115,52097.97
5103502,2017,21294,91930.17
5103601,2017,7977,42159.71
5103700,2017,13451,29282.95
5103809,2017,3444,16900.99
5103858,2017,7296,55820.72
5103908,2017,5333,37001.31
5103957,2017,2964,22983.47
5104104,2017,34500,21470.72
5104203,2017,14615,22310.71
5104500,2017,2648,21560.42
5104526,2017,7171,96489.33
5104542,2017,6396,37714.04
5104559,2017,3800,46583.95
5104609,2017,12789,85530.46
5104807,2017,26633,35198.81
5104906,2017,7996,33104.55
5105002,2017,8776,31190.98
5105101,2017,33851,23257.84
5105150,2017,39779,25665.68
5105176,2017,14913,12656.61
5105200,2017,10971,26625.92
5105234,2017,5887,37273.99
5105259,2017,61515,60501.05
5105309,2017,2043,14511.01
5105507,2017,15534,20689.97
5105580,2017,10422,27678.95
5105606,2017,15870,38415.31
5105622,2017,26768,24941.80
5105903,2017,14917,35318.90
5106000,2017,5895,20123.83
5106109,2017,12484,20525.07
5106158,2017,14473,13942.79
5106174,2017,3655,18833.65
5106182,2017,6338,28165.04
5106190,2017,3596,40683.82
5106208,2017,3827,19156.78
5106216,2017,12388,28675.49
5106224,2017,42607,65369.52
5106232,2017,19465,35064.73
5106240,2017,11352,90465.56
5106257,2017,20639,28215.71
5106265,2017,8730,21328.64
5106273,2017,3876,16610.68
5106281,2017,5066,57091.79
5106299,2017,10884,54864.85
5106307,2017,21612,35629.14
5106315,2017,2498,13835.07
5106372,2017,16965,42241.08
5106422,2017,33630,14865.74
5106455,2017,2604,26842.55
5106505,2017,32241,15600.48
5106653,2017,6387,13418.98
5106703,2017,1560,14587.18
5106752,2017,43832,27132.12
5106778,2017,11995,16339.56
5106802,2017,5283,76606.85
5106828,2017,11603,16453.42
5106851,2017,2973,18104.61
5107008,2017,15985,31309.85
5107040,2017,59293,58891.29
5107065,2017,16512,97633.78
5107107,2017,18452,19827.55
5107156,2017,2646,14600.91
5107180,2017,9796,29613.41
5107198,2017,2320,31721.98
5107206,2017,5019,16404.26
5107248,2017,4360,71252.52
5107263,2017,3050,22244.59
5107297,2017,3908,10974.16
5107305,2017,19728,34654.96
5107354,2017,5416,44061.67
5107404,2017,4541,11367.98
5107578,2017,3854,16634.67
5107602,2017,222316,43198.78
5107701,2017,16908,16712.15
5107743,2017,2421,34491.53
5107750,2017,3347,16989.24
5107768,2017,3231,177273.91
5107776,2017,8049,13891.66
5107792,2017,4875,76137.85
5107800,2017,18392,26246.52
5107859,2017,11290,49593.00
5107875,2017,24305,103573.59
5107883,2017,1575,22900.32
5107909,2017,135874,41422.27
5107925,2017,85223,67279.54
5107941,2017,9309,41493.93
5107958,2017,98828,30517.20
5108006,2017,12967,59940.00
5108055,2017,9606,23505.73
5108105,2017,3682,30464.15
5108204,2017,3576,24406.32
5108303,2017,3468,40628.32
5108352,2017,3041,16059.19
5108402,2017,274013,28814.90
5108501,2017,10901,47282.82
5108600,2017,24835,16936.34
5108808,2017,4457,20005.61
5108857,2017,3159,51127.26
5108907,2017,8182,52726.84
5108956,2017,8822,19860.46
5200050,2017,8207,28517.36
5200100,2017,18775,16162.08
5200134,2017,22076,30460.18
5200159,2017,2564,14125.59
5200175,2017,5613,38997.15
5200209,2017,1967,22566.85
5200258,2017,195810,9110.55
5200308,2017,26770,29198.21
5200506,2017,2071,18887.49
5200555,2017,5784,119739.97
5200605,2017,7514,22030.34
5200803,2017,8645,13773.63
5200829,2017,3754,15708.04
5200852,2017,6018,10621.47
5200902,2017,3408,17198.06
5201108,2017,375142,37882.06
5201207,2017,1126,15278.86
5201306,2017,21746,17729.74
5201405,2017,542090,23774.80
5201454,2017,2517,34972.59
5201504,2017,4143,75032.59
5201603,2017,3731,13281.16
5201702,2017,19884,11917.72
5201801,2017,9765,10801.95
5202155,2017,7862,15170.95
5202353,2017,2957,42380.45
5202502,2017,9138,22874.04
5202601,2017,3422,16807.13
5202809,2017,2494,18905.77
5203104,2017,4677,14980.33
5203203,2017,10435,77275.42
5203302,2017,28514,33492.32
5203401,2017,8896,17325.88
5203500,2017,23998,33372.99
5203559,2017,9052,9738.07
5203575,2017,4143,23204.20
5203609,2017,3604,28992.51
5203807,2017,5817,18981.43
5203906,2017,9535,32578.50
5203939,2017,2583,14852.50
5203962,2017,3389,23532.90
5204003,2017,7935,26474.10
5204102,2017,12002,20107.07
5204201,2017,1414,17946.96
5204250,2017,8355,107894.31
5204300,2017,15287,55237.65
5204409,2017,18505,33660.47
5204508,2017,84900,27534.56
5204557,2017,3703,12821.50
5204607,2017,3622,14865.82
5204656,2017,3740,13883.69
5204706,2017,12321,18048.78
5204805,2017,7149,52710.87
5204854,2017,7345,12675.56
5204904,2017,19786,13223.09
5204953,2017,3399,13032.66
5205000,2017,9862,22923.34
5205059,2017,3610,26901.39
5205109,2017,102393,60886.97
5205208,2017,5041,12674.07
5205307,2017,9829,24816.87
5205406,2017,22155,23991.97
5205455,2017,8386,30759.84
5205471,2017,9110,109287.27
5205497,2017,66777,11121.43
5205513,2017,19583,15388.19
5205521,2017,3529,13167.75
5205703,2017,2514,18239.46
5205802,2017,11086,14241.57
5205901,2017,9332,62999.04
5206206,2017,55347,41452.92
5206305,2017,3029,23802.91
5206404,2017,16893,26477.12
5206503,2017,3606,19262.34
5206602,2017,2975,20139.83
5206701,2017,3389,9414.58
5206800,2017,2935,13327.77
5206909,2017,2133,179716.83
5207105,2017,2547,19637.22
5207253,2017,7750,26702.32
5207352,2017,3809,70285.90
5207402,2017,12231,59143.65
5207501,2017,3379,14593.67
5207535,2017,6947,15597.24
5207600,2017,6070,16165.07
5207808,2017,12923,12891.20
5207907,2017,15111,9092.85
5208004,2017,115789,19925.92
5208103,2017,4623,14084.36
5208152,2017,3777,36421.50
5208301,2017,4995,12113.31
5208400,2017,11471,15804.64
5208509,2017,5605,20871.01
5208608,2017,67507,19663.99
5208707,2017,1466105,33455.43
5208806,2017,41169,21726.08
5208905,2017,24103,18843.34
5209101,2017,34312,44870.63
5209150,2017,5656,32959.69
5209200,2017,14482,13665.52
5209291,2017,2206,14605.17
5209408,2017,4145,12532.69
5209457,2017,2052,26446.88
5209606,2017,3757,13737.29
5209705,2017,20472,54762.11
5209804,2017,3852,15295.95
5209903,2017,13675,11614.84
5209937,2017,6148,37178.76
5209952,2017,15213,20882.14
5210000,2017,52311,21394.43
5210109,2017,26747,50765.17
5210158,2017,2948,17016.62
5210208,2017,32242,20382.14
5210307,2017,2910,16594.85
5210406,2017,40872,30935.43
5210562,2017,4730,13875.26
5210604,2017,5456,13546.37
5210802,2017,4876,21395.82
5210901,2017,21691,15275.83
5211008,2017,6312,23902.57
5211206,2017,26586,15422.21
5211305,2017,6998,34920.12
5211404,2017,9019,15702.52
5211503,2017,102513,40534.73
5211602,2017,2554,38258.42
5211701,2017,6254,36055.96
5211800,2017,48216,14334.23
5211909,2017,98128,45981.31
5212006,2017,3004,16485.35
5212055,2017,2476,11269.79
5212105,2017,7468,29302.22
5212204,2017,19239,22893.91
5212253,2017,1490,26241.61
5212303,2017,7773,26444.23
5212501,2017,199615,16997.23
5212600,2017,2432,19607.32
5212709,2017,8271,9345.06
5212808,2017,10228,19308.47
5212907,2017,2226,19604.67
5212956,2017,4490,19808.02
5213004,2017,13379,15120.34
5213053,2017,2702,21658.40
5213087,2017,30696,29728.82
5213103,2017,62750,38470.36
5213400,2017,1666,20932.77
5213509,2017,8464,9631.14
5213707,2017,8236,31418.53
5213756,2017,12566,61602.50
5213772,2017,4447,15024.06
5213806,2017,45382,28095.76
5213855,2017,2351,16089.75
5213905,2017,4700,17156.60
5214002,2017,15125,35394.58
5214051,2017,5661,18561.21
5214101,2017,3906,15300.56
5214408,2017,8850,19719.44
5214507,2017,28271,26015.95
5214606,2017,45913,21811.40
5214705,2017,2373,16036.66
5214804,2017,2206,21668.18
5214838,2017,12810,27723.73
5214861,2017,8521,14673.86
5214879,2017,2961,13274.57
5214903,2017,3437,12839.98
5215009,2017,9389,19027.37
5215207,2017,3242,17773.90
5215231,2017,110096,8378.66
5215256,2017,4387,20344.65
5215306,2017,15472,31374.81
5215405,2017,3971,23943.59
5215504,2017,6340,100847.16
5215603,2017,32148,15124.18
5215652,2017,3514,26106.15
5215702,2017,27304,35371.01
5215801,2017,2424,14306.93
5215900,2017,3667,38465.23
5216007,2017,2712,32272.12
5216304,2017,9919,19883.15
5216403,2017,11221,80569.74
5216452,2017,3135,113888.68
5216809,2017,10548,13705.92
5216908,2017,2529,67541.72
5217104,2017,24885,31199.00
5217203,2017,11022,32916.44
5217302,2017,24761,16663.14
5217401,2017,31151,28705.95
5217609,2017,88863,11451.32
5217708,2017,17991,27800.01
5218003,2017,45305,20350.78
5218052,2017,3758,61075.31
5218102,2017,4044,53033.14
5218300,2017,35574,13902.29
5218391,2017,3360,17567.86
5218508,2017,48508,34517.83
5218607,2017,11036,19547.12
5218706,2017,4828,19706.50
5218789,2017,4112,74702.33
5218805,2017,217048,43781.91
5218904,2017,19994,21112.38
5219001,2017,7798,17563.35
5219100,2017,6393,14116.69
5219209,2017,3048,37096.46
5219258,2017,5309,56773.22
5219308,2017,38743,26569.63
5219357,2017,3857,20057.82
5219407,2017,8218,16230.59
5219456,2017,3359,23462.64
5219506,2017,2626,16673.27
5219605,2017,3710,16860.11
5219704,2017,9622,13602.37
5219712,2017,4780,38372.38
5219738,2017,5787,22663.38
5219753,2017,71887,9089.90
5219803,2017,12585,11758.84
5219902,2017,6366,16123.78
5220009,2017,12643,23656.17
5220058,2017,1547,31952.17
5220108,2017,33118,25084.88
5220157,2017,5071,21411.75
5220207,2017,22684,21282.23
5220264,2017,4037,33606.89
5220280,2017,2070,16817.39
5220405,2017,19697,91077.17
5220454,2017,105459,32079.06
5220504,2017,8323,46087.71
5220603,2017,20478,33113.19
5220686,2017,6891,14275.87
5220702,2017,2998,12985.99
5221007,2017,3625,16887.45
5221080,2017,3363,9535.53
5221197,2017,7634,24634.27
5221304,2017,2900,16725.52
5221403,2017,121266,17031.41
5221452,2017,3571,14844.86
5221502,2017,4818,17119.14
5221551,2017,5050,77425.15
5221577,2017,2961,14983.11
5221601,2017,40082,20088.27
5221700,2017,14195,15019.09
5221809,2017,3154,26740.96
5221858,2017,159500,15632.37
5221908,2017,3856,16547.20
5222005,2017,13675,28947.79
5222054,2017,8397,41781.47
5222203,2017,5731,20701.27
5222302,2017,5690,32021.62
5300108,2017,3039444,80515.47
